Country,Happiness Rank,Happiness Score,Economy (GDP per Capita),Family,Health (Life Expectancy),Freedom,Trust (Government Corruption),Generosity,Dystopia Residual,Region_Australia and New Zealand,Region_Central and Eastern Europe,Region_Eastern Asia,Region_Latin America and Caribbean,Region_Middle East and Northern Africa,Region_North America,Region_Southeastern Asia,Region_Southern Asia,Region_Sub-Saharan Africa,Region_Western Europe,Year_2015,Year_2016,Year_2017,Year_2018,Year_2019
Egypt,104,4.7350001335144,0.989701807498932,0.997471392154694,0.520187258720398,0.28211015462875394,0.114381365478039,0.128631442785263,1.70251671224832,0,0,0,0,1,0,0,0,0,0,0,0,1,0,0
Malta,22,6.627000000000002,1.27,1.525,0.884,0.645,0.142,0.376,1.785,0,0,0,0,0,0,0,0,0,1,0,0,0,1,0
Iceland,4,7.494,1.38,1.624,1.026,0.591,0.118,0.354,2.400999999999999,0,0,0,0,0,0,0,0,0,1,0,0,0,0,1
Iraq,117,4.456,1.01,0.971,0.536,0.304,0.095,0.14800000000000002,1.3920000000000003,0,0,0,0,1,0,0,0,0,0,0,0,0,1,0
Guatemala,39,6.324,0.83454,0.8711899999999999,0.5403899999999999,0.50379,0.08701,0.28808,3.1990000000000003,0,0,0,1,0,0,0,0,0,0,0,1,0,0,0
Canada,7,7.31599998474121,1.47920441627502,1.48134899139404,0.83455765247345,0.611100912094116,0.287371516227722,0.435539722442627,2.1868767738342347,0,0,0,0,0,1,0,0,0,0,0,0,1,0,0
Ecuador,51,5.976,0.97306,0.85974,0.68613,0.4027,0.18037,0.10074,2.77326,0,0,0,1,0,0,0,0,0,0,0,1,0,0,0
Estonia,72,5.517,1.27964,1.0516299999999998,0.68098,0.41511,0.18519,0.08423,1.8202200000000008,0,1,0,0,0,0,0,0,0,0,0,1,0,0,0
Ireland,14,6.977,1.4480000000000002,1.5830000000000002,0.8759999999999999,0.614,0.306,0.307,1.842999999999999,0,0,0,0,0,0,0,0,0,1,0,0,0,1,0
Lithuania,60,5.813,1.2692,1.06411,0.64674,0.18929,0.0182,0.02025,2.60521,0,1,0,0,0,0,0,0,0,0,0,1,0,0,0
Botswana,137,3.974,1.09426,0.89186,0.34752,0.44089,0.10769,0.12425,0.9675299999999999,0,0,0,0,0,0,0,0,1,0,0,1,0,0,0
Zimbabwe,146,3.663,0.366,1.114,0.433,0.361,0.08900000000000001,0.151,1.1490000000000005,0,0,0,0,0,0,0,0,1,0,0,0,0,0,1
Slovakia,38,6.198,1.246,1.504,0.8809999999999999,0.334,0.014,0.121,2.0980000000000003,0,1,0,0,0,0,0,0,0,0,0,0,0,0,1
Uzbekistan,44,6.096,0.7190000000000001,1.584,0.605,0.7240000000000001,0.259,0.328,1.877,0,1,0,0,0,0,0,0,0,0,0,0,0,1,0
Uganda,135,4.1610000000000005,0.322,1.09,0.237,0.45,0.061,0.259,1.7420000000000004,0,0,0,0,0,0,0,0,1,0,0,0,0,1,0
Bosnia and Herzegovina,96,4.949,0.8322299999999999,0.91916,0.79081,0.09245,0.00227,0.24808,2.064,0,1,0,0,0,0,0,0,0,0,1,0,0,0,0
Syria,150,3.462,0.6890000000000001,0.382,0.539,0.08800000000000001,0.14400000000000002,0.376,1.243999999999999,0,0,0,0,1,0,0,0,0,0,0,0,0,1,0
Pakistan,67,5.653,0.677,0.8859999999999999,0.535,0.313,0.098,0.22,2.9239999999999995,0,0,0,0,0,0,0,1,0,0,0,0,0,0,1
Somalia,76,5.44,0.0,0.33613000000000004,0.11465999999999997,0.5677800000000001,0.3118,0.27225,3.837380000000001,0,0,0,0,0,0,0,0,1,0,0,1,0,0,0
Tanzania,146,3.781,0.2852,1.00268,0.38215,0.32878,0.057470000000000014,0.34377,1.38095,0,0,0,0,0,0,0,0,1,0,1,0,0,0,0
Laos,102,4.876,0.68042,0.5497,0.38291,0.52168,0.22423,0.43079,2.0862700000000007,0,0,0,0,0,0,1,0,0,0,0,1,0,0,0
Kosovo,77,5.401,0.90145,0.66062,0.54,0.14396,0.06547,0.27992,2.80958,0,1,0,0,0,0,0,0,0,0,0,1,0,0,0
Georgia,130,4.297,0.7419,0.38562,0.72926,0.40577,0.38331,0.055470000000000005,1.5956699999999997,0,1,0,0,0,0,0,0,0,0,1,0,0,0,0
Azerbaijan,89,5.207999999999998,1.043,1.147,0.769,0.35100000000000003,0.182,0.035,1.6809999999999992,0,1,0,0,0,0,0,0,0,0,0,0,0,0,1
Lebanon,91,5.197,0.987,1.224,0.815,0.21600000000000005,0.027000000000000003,0.166,1.7619999999999998,0,0,0,0,1,0,0,0,0,0,0,0,0,0,1
Malawi,131,4.292,0.016040000000000002,0.41134,0.22562,0.43054,0.06977,0.33128,2.80741,0,0,0,0,0,0,0,0,1,0,1,0,0,0,0
Bhutan,79,5.252999999999999,0.77042,1.10395,0.57407,0.5320600000000001,0.15445,0.47998,1.6380699999999997,0,0,0,0,0,0,0,1,0,0,1,0,0,0,0
Ukraine,123,4.324,0.87287,1.01413,0.58628,0.12859,0.01829,0.20363,1.50021,0,1,0,0,0,0,0,0,0,0,0,1,0,0,0
Morocco,85,5.254,0.779,0.797,0.669,0.46,0.07400000000000001,0.026,2.449,0,0,0,0,1,0,0,0,0,0,0,0,0,1,0
Ghana,98,4.996,0.611,0.868,0.486,0.381,0.04,0.245,2.365,0,0,0,0,0,0,0,0,1,0,0,0,0,0,1
Colombia,31,6.481,1.03032,1.02169,0.59659,0.44735,0.05399,0.15625999999999998,3.1747999999999994,0,0,0,1,0,0,0,0,0,0,0,1,0,0,0
Liberia,149,3.495,0.076,0.858,0.267,0.419,0.03,0.206,1.639,0,0,0,0,0,0,0,0,1,0,0,0,0,1,0
Lesotho,141,3.808,0.472,1.215,0.079,0.423,0.112,0.116,1.391,0,0,0,0,0,0,0,0,1,0,0,0,0,1,0
Uganda,141,3.931,0.21102,1.13299,0.33861,0.45727,0.07267,0.29066,1.4277800000000005,0,0,0,0,0,0,0,0,1,0,1,0,0,0,0
Zimbabwe,115,4.61,0.271,1.03276,0.33475,0.25861,0.08079,0.18987,2.4422200000000003,0,0,0,0,0,0,0,0,1,0,1,0,0,0,0
Mozambique,94,4.971,0.08308,1.02626,0.09131,0.34037,0.15603,0.22269,3.0512599999999996,0,0,0,0,0,0,0,0,1,0,1,0,0,0,0
Australia,10,7.28399991989136,1.4844149351120002,1.5100419521331798,0.84388679265976,0.601607382297516,0.301183730363846,0.477699249982834,2.065165877342224,1,0,0,0,0,0,0,0,0,0,0,0,1,0,0
Panama,30,6.4520001411438,1.23374843597412,1.3731925487518302,0.706156134605408,0.550026834011078,0.070983923971653,0.21055693924427,2.3073353245854404,0,0,0,1,0,0,0,0,0,0,0,0,1,0,0
Portugal,88,5.102,1.15991,1.13935,0.8751899999999999,0.51469,0.01078,0.13719,1.2648900000000003,0,0,0,0,0,0,0,0,0,1,1,0,0,0,0
Costa Rica,13,7.072,1.01,1.459,0.8170000000000001,0.632,0.101,0.14300000000000002,2.9099999999999997,0,0,0,1,0,0,0,0,0,0,0,0,0,1,0
Niger,135,4.02799987792969,0.16192533075809498,0.993025004863739,0.26850500702858,0.36365869641304,0.13857294619083402,0.228673845529556,1.8736390471458464,0,0,0,0,0,0,0,0,1,0,0,0,1,0,0
Libya,63,5.754,1.13145,1.1186200000000002,0.7038,0.41668,0.11023,0.18295,2.0902699999999994,0,0,0,0,1,0,0,0,0,0,1,0,0,0,0
Malawi,136,3.97000002861023,0.233442038297653,0.5125688314437871,0.315089583396912,0.466914653778076,0.0727116540074348,0.28717046976089505,2.0821027979254723,0,0,0,0,0,0,0,0,1,0,0,0,1,0,0
Canada,5,7.427,1.32629,1.32261,0.90563,0.63297,0.32957,0.45811,2.451820000000001,0,0,0,0,0,1,0,0,0,0,1,0,0,0,0
Mauritania,126,4.356,0.557,1.245,0.292,0.129,0.093,0.134,1.906,0,0,0,0,0,0,0,0,1,0,0,0,0,1,0
Slovakia,45,5.995,1.16891,1.26999,0.7890199999999999,0.31751,0.03431,0.16893,2.24633,0,1,0,0,0,0,0,0,0,0,1,0,0,0,0
Lebanon,93,5.129,1.12268,0.64184,0.76171,0.26228,0.03061,0.23693000000000006,2.07295,0,0,0,0,1,0,0,0,0,0,0,1,0,0,0
Benin,136,4.141,0.378,0.3720000000000001,0.24,0.44,0.067,0.163,2.481,0,0,0,0,0,0,0,0,1,0,0,0,0,1,0
Portugal,89,5.19500017166138,1.3151752948761002,1.36704301834106,0.795843541622162,0.498465299606323,0.0158694516867399,0.0951027125120163,1.107500853016978,0,0,0,0,0,0,0,0,0,1,0,0,1,0,0
Congo (Brazzaville),103,4.812,0.6729999999999999,0.799,0.508,0.3720000000000001,0.093,0.105,2.2620000000000005,0,0,0,0,0,0,0,0,1,0,0,0,0,0,1
Spain,34,6.40299987792969,1.38439786434174,1.53209090232849,0.888960599899292,0.408781230449677,0.0709140971302986,0.190133571624756,1.9277216121554368,0,0,0,0,0,0,0,0,0,1,0,0,1,0,0
Philippines,72,5.42999982833862,0.85769921541214,1.25391757488251,0.468009054660797,0.585214674472809,0.0993318930268288,0.193513423204422,1.9723139926791136,0,0,0,0,0,0,1,0,0,0,0,0,1,0,0
Burkina Faso,152,3.587,0.25812,0.85188,0.27125,0.39493,0.12832000000000002,0.21747,1.4650299999999998,0,0,0,0,0,0,0,0,1,0,1,0,0,0,0
South Africa,105,4.724,0.94,1.41,0.33,0.516,0.056,0.103,1.3690000000000002,0,0,0,0,0,0,0,0,1,0,0,0,0,1,0
Australia,10,7.284,1.33358,1.30923,0.93156,0.6512399999999999,0.35637,0.43562,2.2664,1,0,0,0,0,0,0,0,0,0,1,0,0,0,0
Bahrain,49,5.96,1.32376,1.21624,0.74716,0.45492,0.306,0.17362,1.7383000000000006,0,0,0,0,1,0,0,0,0,0,1,0,0,0,0
Gabon,134,4.121,1.15851,0.72368,0.3494,0.28098,0.09314,0.06244,1.4528500000000002,0,0,0,0,0,0,0,0,1,0,0,1,0,0,0
Canada,7,7.3279999999999985,1.33,1.5319999999999998,0.8959999999999999,0.653,0.29100000000000004,0.321,2.305,0,0,0,0,0,1,0,0,0,0,0,0,0,1,0
North Macedonia,84,5.274,0.983,1.294,0.838,0.345,0.034,0.185,1.5950000000000002,0,1,0,0,0,0,0,0,0,0,0,0,0,0,1
Senegal,109,4.631,0.429,1.117,0.433,0.406,0.08199999999999999,0.138,2.026,0,0,0,0,0,0,0,0,1,0,0,0,0,1,0
Syria,152,3.46199989318848,0.777153134346008,0.396102607250214,0.5005333423614501,0.0815394446253777,0.15134713053703305,0.493663728237152,1.0616605058312452,0,0,0,0,1,0,0,0,0,0,0,0,1,0,0
Burundi,156,2.905,0.091,0.627,0.145,0.065,0.076,0.149,1.7519999999999998,0,0,0,0,0,0,0,0,1,0,0,0,0,1,0
Paraguay,70,5.5379999999999985,0.8937299999999999,1.11111,0.58295,0.46235,0.07396,0.25296,2.16094,0,0,0,1,0,0,0,0,0,0,0,1,0,0,0
Montenegro,81,5.347,1.017,1.279,0.7290000000000001,0.259,0.081,0.111,1.871,0,1,0,0,0,0,0,0,0,0,0,0,0,1,0
Botswana,146,3.59,1.017,1.1740000000000002,0.417,0.557,0.092,0.042,0.2909999999999995,0,0,0,0,0,0,0,0,1,0,0,0,0,1,0
Chile,20,6.65199995040894,1.25278460979462,1.28402495384216,0.8194797039031979,0.376895278692245,0.0822879821062088,0.3266624212265011,2.5098650008440067,0,0,0,1,0,0,0,0,0,0,0,0,1,0,0
Kuwait,51,6.021,1.5,1.319,0.8079999999999999,0.493,0.097,0.142,1.661999999999999,0,0,0,0,1,0,0,0,0,0,0,0,0,0,1
Norway,3,7.5539999999999985,1.4880000000000002,1.582,1.028,0.603,0.341,0.271,2.2409999999999988,0,0,0,0,0,0,0,0,0,1,0,0,0,0,1
Hungary,91,5.145,1.24142,0.93164,0.67608,0.1977,0.04472,0.099,1.954439999999999,0,1,0,0,0,0,0,0,0,0,0,1,0,0,0
Afghanistan,145,3.632,0.332,0.537,0.255,0.085,0.036000000000000004,0.191,2.196,0,0,0,0,0,0,0,1,0,0,0,0,0,1,0
Sierra Leone,106,4.70900011062622,0.36842092871666,0.984136044979095,0.005564753897488121,0.318697690963745,0.0710951760411263,0.293040901422501,2.6680446146056043,0,0,0,0,0,0,0,0,1,0,0,0,1,0,0
Lebanon,103,4.839,1.02564,0.80001,0.83947,0.33916,0.04582,0.21854,1.5703599999999995,0,0,0,0,1,0,0,0,0,0,1,0,0,0,0
Armenia,127,4.35,0.7682100000000001,0.7771100000000001,0.7299,0.19847,0.039,0.07855,1.7587599999999997,0,1,0,0,0,0,0,0,0,0,1,0,0,0,0
China,93,5.191,1.029,1.125,0.893,0.521,0.1,0.058,1.4650000000000003,0,0,1,0,0,0,0,0,0,0,0,0,0,0,1
Jamaica,76,5.31099987030029,0.925579309463501,1.3682180643081698,0.6410223841667181,0.474307239055634,0.0552677810192108,0.23381833732128104,1.6127867549657755,0,0,0,1,0,0,0,0,0,0,0,0,1,0,0
Qatar,29,6.374,1.6840000000000002,1.3130000000000002,0.871,0.555,0.16699999999999998,0.22,1.564,0,0,0,0,1,0,0,0,0,0,0,0,0,0,1
Georgia,119,4.519,0.8859999999999999,0.6659999999999999,0.752,0.34600000000000003,0.16399999999999998,0.043,1.662,0,1,0,0,0,0,0,0,0,0,0,0,0,0,1
Tajikistan,88,5.199,0.474,1.166,0.598,0.292,0.034,0.187,2.4480000000000004,0,1,0,0,0,0,0,0,0,0,0,0,0,1,0
Palestinian Territories,110,4.6960000000000015,0.657,1.247,0.672,0.225,0.066,0.103,1.7260000000000004,0,0,0,0,1,0,0,0,0,0,0,0,0,0,1
Ireland,18,6.94,1.33596,1.36948,0.89533,0.6177699999999999,0.28703,0.45901,1.9754200000000008,0,0,0,0,0,0,0,0,0,1,1,0,0,0,0
Mauritius,71,5.477,1.00761,0.98521,0.7095,0.56066,0.07521,0.37744,1.7613700000000003,0,0,0,0,0,0,0,0,1,0,1,0,0,0,0
Central African Republic,155,3.083,0.026,0.0,0.105,0.225,0.035,0.235,2.4570000000000003,0,0,0,0,0,0,0,0,1,0,0,0,0,0,1
Bangladesh,115,4.5,0.532,0.85,0.579,0.58,0.14400000000000002,0.153,1.662,0,0,0,0,0,0,0,1,0,0,0,0,0,1,0
Sri Lanka,130,4.3660000000000005,0.949,1.265,0.831,0.47,0.047,0.244,0.5600000000000005,0,0,0,0,0,0,0,1,0,0,0,0,0,0,1
Zimbabwe,138,3.875,0.3758465349674221,1.08309590816498,0.19676375389099104,0.336384207010269,0.0953753814101219,0.189143493771553,1.5983907207846633,0,0,0,0,0,0,0,0,1,0,0,0,1,0,0
Madagascar,143,3.933,0.274,0.916,0.555,0.14800000000000002,0.041,0.16899999999999998,1.83,0,0,0,0,0,0,0,0,1,0,0,0,0,0,1
Bosnia and Herzegovina,87,5.1629999999999985,0.93383,0.64367,0.7076600000000001,0.09511,0.0,0.29889,2.4838399999999994,0,1,0,0,0,0,0,0,0,0,0,1,0,0,0
Malawi,150,3.41,0.191,0.56,0.495,0.443,0.08900000000000001,0.218,1.414,0,0,0,0,0,0,0,0,1,0,0,0,0,0,1
Iran,117,4.548,1.1,0.8420000000000001,0.785,0.305,0.125,0.27,1.1209999999999996,0,0,0,0,1,0,0,0,0,0,0,0,0,0,1
Ukraine,111,4.681,0.79907,1.20278,0.6739,0.25123,0.02961,0.15275,1.5716599999999996,0,1,0,0,0,0,0,0,0,0,1,0,0,0,0
Armenia,121,4.37599992752075,0.900596737861633,1.00748372077942,0.637524425983429,0.198303267359734,0.0266744215041399,0.0834880918264389,1.5219292622059553,0,1,0,0,0,0,0,0,0,0,0,0,1,0,0
Turkey,78,5.3889999999999985,1.1649200000000002,0.8771700000000001,0.64718,0.23889,0.12348,0.04707,2.2902899999999993,0,0,0,0,1,0,0,0,0,0,0,1,0,0,0
Namibia,111,4.57399988174438,0.964434325695038,1.0984708070755,0.33861181139946,0.520303547382355,0.0931469723582268,0.0771337449550629,1.4818986728787378,0,0,0,0,0,0,0,0,1,0,0,0,1,0,0
Somalia,112,4.668,0.0,0.698,0.268,0.5589999999999999,0.27,0.243,2.6300000000000003,0,0,0,0,0,0,0,0,1,0,0,0,0,0,1
Suriname,40,6.269,1.09686,0.77866,0.5093300000000001,0.5223399999999999,0.12692,0.16665,3.0682400000000003,0,0,0,1,0,0,0,0,0,0,0,1,0,0,0
Denmark,1,7.526,1.4417799999999998,1.16374,0.79504,0.5794100000000001,0.44453,0.36171,2.7397899999999997,0,0,0,0,0,0,0,0,0,1,0,1,0,0,0
Indonesia,74,5.399,0.8282700000000001,1.0870799999999998,0.63793,0.46611,0.0,0.51535,1.86426,0,0,0,0,0,0,1,0,0,0,1,0,0,0,0
Thailand,32,6.423999786376951,1.12786877155304,1.4257924556732198,0.647239029407501,0.580200731754303,0.0316127352416515,0.572123110294342,2.0391629524528927,0,0,0,0,0,0,1,0,0,0,0,0,1,0,0
Ireland,16,7.021,1.499,1.5530000000000002,0.999,0.516,0.31,0.298,1.8459999999999999,0,0,0,0,0,0,0,0,0,1,0,0,0,0,1
Egypt,120,4.362,0.95395,0.49813,0.5211600000000001,0.18847,0.10393,0.12705999999999998,1.9693,0,0,0,0,1,0,0,0,0,0,0,1,0,0,0
Switzerland,6,7.48,1.452,1.526,1.052,0.5720000000000001,0.343,0.263,2.2720000000000007,0,0,0,0,0,0,0,0,0,1,0,0,0,0,1
United States,14,6.993000030517581,1.54625928401947,1.4199205636978105,0.7742866277694699,0.505740523338318,0.135638788342476,0.392578780651093,2.2185754626989445,0,0,0,0,0,1,0,0,0,0,0,0,1,0,0
Bhutan,97,5.082,0.7959999999999999,1.335,0.527,0.541,0.171,0.364,1.3480000000000003,0,0,0,0,0,0,0,1,0,0,0,0,0,1,0
Uganda,136,4.189,0.332,1.069,0.443,0.35600000000000004,0.06,0.252,1.6770000000000005,0,0,0,0,0,0,0,0,1,0,0,0,0,0,1
Costa Rica,12,7.0789999961853,1.10970628261566,1.4164036512374898,0.7595092654228209,0.580131649971008,0.100106589496136,0.21461322903633104,2.8985293284058544,0,0,0,1,0,0,0,0,0,0,0,0,1,0,0
Yemen,152,3.355,0.442,1.073,0.343,0.244,0.064,0.083,1.106,0,0,0,0,1,0,0,0,0,0,0,0,0,1,0
Congo (Kinshasa),127,4.418,0.094,1.125,0.35700000000000004,0.269,0.053,0.212,2.3080000000000003,0,0,0,0,0,0,0,0,1,0,0,0,0,0,1
Kosovo,69,5.589,0.80148,0.81198,0.63132,0.24749,0.04741,0.2831,2.7662199999999992,0,1,0,0,0,0,0,0,0,0,1,0,0,0,0
Italy,50,5.977,1.35495,1.04167,0.8510200000000001,0.18827,0.02556,0.16684000000000002,2.3486899999999995,0,0,0,0,0,0,0,0,0,1,0,1,0,0,0
Luxembourg,17,6.91,1.5759999999999998,1.52,0.8959999999999999,0.632,0.321,0.196,1.7690000000000008,0,0,0,0,0,0,0,0,0,1,0,0,0,1,0
Finland,5,7.468999862670901,1.44357192516327,1.5402467250824,0.80915766954422,0.6179508566856379,0.38261154294014,0.24548277258873,2.429978370666504,0,0,0,0,0,0,0,0,0,1,0,0,1,0,0
Colombia,33,6.477,0.91861,1.2401799999999998,0.69077,0.53466,0.0512,0.18401,2.8575700000000004,0,0,0,1,0,0,0,0,0,0,1,0,0,0,0
Morocco,92,5.013,0.7347899999999999,0.64095,0.60954,0.4169100000000001,0.08546000000000001,0.07172,2.45363,0,0,0,0,1,0,0,0,0,0,1,0,0,0,0
Sudan,137,4.1389999999999985,0.605,1.24,0.312,0.016,0.08199999999999999,0.134,1.7499999999999996,0,0,0,0,0,0,0,0,1,0,0,0,0,1,0
North Cyprus,62,5.771,1.31141,0.81826,0.8414200000000001,0.43596,0.16577999999999998,0.26322,1.93495,0,0,0,0,0,0,0,0,0,1,0,1,0,0,0
Montenegro,73,5.523,1.051,1.361,0.871,0.197,0.08,0.142,1.821,0,1,0,0,0,0,0,0,0,0,0,0,0,0,1
Italy,48,5.96400022506714,1.39506661891937,1.44492328166962,0.8531443476676941,0.256450712680817,0.0280280914157629,0.17278964817523998,1.8135975245386355,0,0,0,0,0,0,0,0,0,1,0,0,1,0,0
Central African Republic,148,3.678,0.0785,0.0,0.06699,0.48879,0.08288999999999999,0.23835,2.72248,0,0,0,0,0,0,0,0,1,0,1,0,0,0,0
Tajikistan,74,5.4670000000000005,0.493,1.098,0.718,0.389,0.14400000000000002,0.23,2.395000000000001,0,1,0,0,0,0,0,0,0,0,0,0,0,0,1
Mongolia,83,5.285,0.948,1.531,0.667,0.317,0.038,0.235,1.5490000000000004,0,0,1,0,0,0,0,0,0,0,0,0,0,0,1
Lesotho,139,3.80800008773804,0.521021246910095,1.19009518623352,0.0,0.390661299228668,0.119094640016556,0.157497271895409,1.4296304434537923,0,0,0,0,0,0,0,0,1,0,0,0,1,0,0
New Zealand,9,7.286,1.2501799999999998,1.31967,0.90837,0.6393800000000001,0.42922,0.47501,2.264170000000001,1,0,0,0,0,0,0,0,0,0,1,0,0,0,0
Norway,1,7.537000179290769,1.61646318435669,1.53352355957031,0.796666502952576,0.635422587394714,0.31596383452415505,0.36201223731041,2.2769482731819144,0,0,0,0,0,0,0,0,0,1,0,0,1,0,0
Singapore,34,6.2620000000000005,1.5719999999999998,1.463,1.141,0.556,0.453,0.271,0.8059999999999999,0,0,0,0,0,0,1,0,0,0,0,0,0,0,1
Bangladesh,109,4.694,0.39753,0.4310600000000001,0.60164,0.4082,0.12569,0.21222,2.51766,0,0,0,0,0,0,0,1,0,0,1,0,0,0,0
Venezuela,108,4.707,0.96,1.4269999999999998,0.805,0.154,0.047,0.064,1.25,0,0,0,1,0,0,0,0,0,0,0,0,0,0,1
Rwanda,151,3.408,0.332,0.8959999999999999,0.4,0.636,0.444,0.2,0.4999999999999996,0,0,0,0,0,0,0,0,1,0,0,0,0,1,0
Singapore,24,6.797999999999999,1.52186,1.02,1.02525,0.54252,0.4921,0.31105,1.8852200000000003,0,0,0,0,0,0,1,0,0,0,1,0,0,0,0
Tanzania,153,3.34899997711182,0.511135876178741,1.04198980331421,0.364509284496307,0.390017777681351,0.0660351067781448,0.354256361722946,0.62105576694012,0,0,0,0,0,0,0,0,1,0,0,0,1,0,0
Cambodia,109,4.7,0.574,1.122,0.637,0.609,0.062,0.232,1.4640000000000004,0,0,0,0,0,0,1,0,0,0,0,0,0,0,1
Greece,82,5.287000000000001,1.181,1.156,0.999,0.067,0.034,0.0,1.850000000000001,0,0,0,0,0,0,0,0,0,1,0,0,0,0,1
Malaysia,42,6.08400011062622,1.29121541976929,1.28464603424072,0.618784427642822,0.4022649824619289,0.0656007081270218,0.416608929634094,2.0048796087503438,0,0,0,0,0,0,1,0,0,0,0,0,1,0,0
Angola,140,3.79500007629395,0.8584281802177429,1.10441195964813,0.0498686656355858,0.0,0.0697203353047371,0.09792649000883097,1.6146444454789233,0,0,0,0,0,0,0,0,1,0,0,0,1,0,0
Iceland,4,7.495,1.3430000000000002,1.644,0.914,0.677,0.138,0.353,2.426,0,0,0,0,0,0,0,0,0,1,0,0,0,1,0
Argentina,26,6.65,1.15137,1.0661200000000002,0.69711,0.42284,0.07296,0.10989000000000003,3.1297099999999998,0,0,0,1,0,0,0,0,0,0,0,1,0,0,0
Cyprus,49,6.046,1.263,1.223,1.042,0.406,0.041,0.19,1.881,0,0,0,0,0,0,0,0,0,1,0,0,0,0,1
Guinea,151,3.607,0.22415,0.3109,0.18829,0.30953,0.1192,0.29914,2.15579,0,0,0,0,0,0,0,0,1,0,0,1,0,0,0
Mexico,24,6.488,1.038,1.252,0.7609999999999999,0.479,0.095,0.069,2.7939999999999987,0,0,0,1,0,0,0,0,0,0,0,0,0,1,0
Mali,118,4.447,0.37,1.233,0.152,0.3670000000000001,0.056,0.139,2.13,0,0,0,0,0,0,0,0,1,0,0,0,0,1,0
Moldova,55,5.897,0.69177,0.8313200000000001,0.5230899999999999,0.25202,0.01903,0.19997,3.3798000000000004,0,1,0,0,0,0,0,0,0,0,0,1,0,0,0
Taiwan Province of China,33,6.42199993133545,1.4336265325546298,1.38456535339355,0.793984234333038,0.361466586589813,0.0638292357325554,0.258360475301743,2.126167513430121,0,0,1,0,0,0,0,0,0,0,0,0,1,0,0
Portugal,66,5.693,1.221,1.431,0.999,0.508,0.025,0.047,1.4619999999999989,0,0,0,0,0,0,0,0,0,1,0,0,0,0,1
Israel,19,6.814,1.301,1.5590000000000002,0.883,0.5329999999999999,0.272,0.354,1.912,0,0,0,0,1,0,0,0,0,0,0,0,0,1,0
United Arab Emirates,21,6.825,1.503,1.31,0.825,0.598,0.182,0.262,2.1450000000000005,0,0,0,0,1,0,0,0,0,0,0,0,0,0,1
Croatia,75,5.432,1.155,1.266,0.914,0.29600000000000004,0.022,0.119,1.66,0,1,0,0,0,0,0,0,0,0,0,0,0,0,1
Mexico,23,6.595,1.07,1.3230000000000002,0.861,0.433,0.073,0.07400000000000001,2.761,0,0,0,1,0,0,0,0,0,0,0,0,0,0,1
Central African Republic,155,3.083,0.024,0.0,0.01,0.305,0.038,0.218,2.4880000000000004,0,0,0,0,0,0,0,0,1,0,0,0,0,1,0
Bolivia,61,5.779,0.7759999999999999,1.209,0.706,0.511,0.064,0.13699999999999998,2.376,0,0,0,1,0,0,0,0,0,0,0,0,0,0,1
Zambia,125,4.377,0.562,1.047,0.295,0.503,0.08199999999999999,0.221,1.6669999999999998,0,0,0,0,0,0,0,0,1,0,0,0,0,1,0
Kyrgyzstan,98,5.0040001869201705,0.5962200760841371,1.39423859119415,0.553457796573639,0.454943388700485,0.0394391790032387,0.42858037352562,1.5371207818389006,0,1,0,0,0,0,0,0,0,0,0,0,1,0,0
Azerbaijan,80,5.2120000000000015,1.02389,0.93793,0.64045,0.3703,0.16065,0.07799,2.0007900000000007,0,1,0,0,0,0,0,0,0,0,1,0,0,0,0
Senegal,115,4.53499984741211,0.479309022426605,1.17969191074371,0.409362852573395,0.37792226672172496,0.115460447967052,0.183468893170357,1.7897844538092662,0,0,0,0,0,0,0,0,1,0,0,0,1,0,0
Albania,109,4.655,0.9553,0.50163,0.73007,0.31866,0.05301,0.1684,1.92793,0,1,0,0,0,0,0,0,0,0,0,1,0,0,0
Mexico,21,6.778,1.1150799999999998,0.7146,0.71143,0.37709,0.18355,0.11735,3.5589,0,0,0,1,0,0,0,0,0,0,0,1,0,0,0
Palestinian Territories,108,4.754,0.67024,0.71629,0.56844,0.17744,0.10613,0.11154,2.4039200000000003,0,0,0,0,1,0,0,0,0,0,0,1,0,0,0
Somaliland Region,97,5.057,0.25558000000000003,0.75862,0.33108000000000004,0.3913,0.36794,0.51479,2.4376899999999995,0,0,0,0,0,0,0,0,1,0,0,1,0,0,0
Togo,155,3.303,0.28123000000000004,0.0,0.24811,0.34678000000000003,0.11587,0.17517,2.13584,0,0,0,0,0,0,0,0,1,0,0,1,0,0,0
Chile,27,6.67,1.10715,1.12447,0.85857,0.44132,0.12869,0.33363000000000004,2.676169999999999,0,0,0,1,0,0,0,0,0,0,1,0,0,0,0
Mauritius,55,5.891,1.09,1.3869999999999998,0.684,0.584,0.05,0.245,1.851,0,0,0,0,0,0,0,0,1,0,0,0,0,1,0
Australia,9,7.313,1.44443,1.10476,0.8512,0.5683699999999999,0.32331,0.47407,2.54686,1,0,0,0,0,0,0,0,0,0,0,1,0,0,0
Cameroon,107,4.69500017166138,0.564305365085602,0.946018218994141,0.132892116904259,0.430388748645782,0.0513066314160824,0.23629845678806305,2.3337906338274506,0,0,0,0,0,0,0,0,1,0,0,0,1,0,0
Poland,57,5.835,1.24585,1.04685,0.69058,0.4519,0.055,0.14443,2.20039,0,1,0,0,0,0,0,0,0,0,0,1,0,0,0
Egypt,135,4.194,0.8818,0.747,0.61712,0.17288,0.06324,0.11291,1.59905,0,0,0,0,1,0,0,0,0,0,1,0,0,0,0
Haiti,147,3.597,0.32299999999999995,0.688,0.449,0.026,0.11,0.419,1.582,0,0,0,1,0,0,0,0,0,0,0,0,0,0,1
Netherlands,7,7.338999999999999,1.46468,1.02912,0.8123100000000001,0.55211,0.29927,0.47416,2.7073499999999986,0,0,0,0,0,0,0,0,0,1,0,1,0,0,0
Nicaragua,43,6.07100009918213,0.737299203872681,1.28721570968628,0.6530959606170649,0.447551846504211,0.130687981843948,0.301674216985703,2.5134751796722417,0,0,0,1,0,0,0,0,0,0,0,0,1,0,0
Japan,58,5.886,1.327,1.419,1.088,0.445,0.14,0.069,1.3980000000000006,0,0,1,0,0,0,0,0,0,0,0,0,0,0,1
Belize,49,5.956,0.807,1.101,0.474,0.593,0.08900000000000001,0.183,2.7090000000000014,0,0,0,1,0,0,0,0,0,0,0,0,0,1,0
Syria,156,3.006,0.6632,0.47489,0.7219300000000001,0.15684,0.18906,0.47179,0.3282900000000004,0,0,0,0,1,0,0,0,0,0,1,0,0,0,0
Yemen,147,3.724,0.57939,0.47493,0.31048000000000003,0.2287,0.058920000000000014,0.09821,1.97337,0,0,0,0,1,0,0,0,0,0,0,1,0,0,0
Thailand,52,6.007999999999999,1.05,1.409,0.828,0.557,0.028,0.359,1.7769999999999992,0,0,0,0,0,0,1,0,0,0,0,0,0,0,1
Philippines,71,5.524,0.775,1.3119999999999998,0.513,0.643,0.105,0.12,2.0560000000000005,0,0,0,0,0,0,1,0,0,0,0,0,0,1,0
Haiti,119,4.518,0.26673,0.74302,0.38847,0.24425,0.17175,0.46187,2.24191,0,0,0,1,0,0,0,0,0,0,1,0,0,0,0
Libya,72,5.525,1.044,1.3030000000000002,0.6729999999999999,0.416,0.152,0.133,1.804,0,0,0,0,1,0,0,0,0,0,0,0,0,0,1
Cambodia,140,3.907,0.55604,0.5375,0.42494,0.5885199999999999,0.08092,0.40339,1.3156900000000005,0,0,0,0,0,0,1,0,0,0,0,1,0,0,0
Portugal,94,5.122999999999998,1.27607,0.94367,0.7936300000000001,0.44727,0.01521,0.11691,1.5302399999999992,0,0,0,0,0,0,0,0,0,1,0,1,0,0,0
Israel,11,7.267,1.33766,0.99537,0.8491700000000001,0.36432,0.08728,0.32288,3.3103200000000004,0,0,0,0,1,0,0,0,0,0,0,1,0,0,0
Guinea,140,3.964,0.344,0.792,0.211,0.394,0.094,0.185,1.944,0,0,0,0,0,0,0,0,1,0,0,0,0,1,0
Latvia,53,5.933,1.148,1.454,0.6709999999999999,0.363,0.066,0.092,2.139,0,1,0,0,0,0,0,0,0,0,0,0,0,1,0
Slovenia,51,5.948,1.219,1.506,0.856,0.633,0.051,0.16,1.5229999999999988,0,1,0,0,0,0,0,0,0,0,0,0,0,1,0
Yemen,146,3.59299993515015,0.5916834473609921,0.93538224697113,0.310080915689468,0.24946372210979506,0.0567674227058887,0.104125209152699,1.3454969711601774,0,0,0,0,1,0,0,0,0,0,0,0,1,0,0
Philippines,82,5.279,0.81217,0.87877,0.4703600000000001,0.5485399999999999,0.11757,0.21674,2.23485,0,0,0,0,0,0,1,0,0,0,0,1,0,0,0
Malta,30,6.488,1.30782,1.09879,0.80315,0.54994,0.17554,0.56237,1.99039,0,0,0,0,0,0,0,0,0,1,0,1,0,0,0
Israel,11,7.278,1.2285700000000002,1.22393,0.91387,0.41319,0.07785,0.33172,3.0888699999999987,0,0,0,0,1,0,0,0,0,0,1,0,0,0,0
Algeria,84,5.295,0.979,1.154,0.687,0.077,0.135,0.055,2.208,0,0,0,0,1,0,0,0,0,0,0,0,0,1,0
Dominican Republic,83,5.3020000000000005,0.982,1.4409999999999998,0.614,0.578,0.106,0.12,1.4610000000000007,0,0,0,1,0,0,0,0,0,0,0,0,0,1,0
Italy,36,6.223,1.294,1.4880000000000002,1.039,0.231,0.03,0.158,1.9829999999999988,0,0,0,0,0,0,0,0,0,1,0,0,0,0,1
Luxembourg,20,6.871,1.69752,1.03999,0.8454200000000001,0.5487,0.35329,0.27571,2.11037,0,0,0,0,0,0,0,0,0,1,0,1,0,0,0
Albania,109,4.64400005340576,0.996192753314972,0.8036852478981021,0.731159746646881,0.381498634815216,0.0398642159998417,0.201312944293022,1.4902865104377248,0,1,0,0,0,0,0,0,0,0,0,0,1,0,0
Libya,70,5.566,0.985,1.35,0.5529999999999999,0.496,0.14800000000000002,0.116,1.918,0,0,0,0,1,0,0,0,0,0,0,0,0,1,0
Bulgaria,100,4.933,1.054,1.515,0.7120000000000001,0.359,0.009000000000000001,0.064,1.2199999999999998,0,1,0,0,0,0,0,0,0,0,0,0,0,1,0
Turkey,69,5.5,1.1982743740081798,1.33775317668915,0.6376056075096129,0.300740599632263,0.0996715798974037,0.0466930419206619,1.8792616203427284,0,0,0,0,1,0,0,0,0,0,0,0,1,0,0
Taiwan,26,6.441,1.365,1.436,0.857,0.418,0.078,0.151,2.1359999999999992,0,0,1,0,0,0,0,0,0,0,0,0,0,1,0
Sudan,118,4.55,0.52107,1.01404,0.36878,0.10081,0.1466,0.19062,2.20808,0,0,0,0,0,0,0,0,1,0,1,0,0,0,0
Belarus,61,5.8020000000000005,1.1306200000000002,1.04993,0.6310399999999999,0.29091,0.17457,0.13942000000000002,2.3855100000000005,0,1,0,0,0,0,0,0,0,0,0,1,0,0,0
Uruguay,33,6.292999999999998,1.124,1.465,0.8909999999999999,0.523,0.15,0.127,2.012999999999999,0,0,0,1,0,0,0,0,0,0,0,0,0,0,1
Estonia,66,5.61100006103516,1.3208793401718102,1.47667109966278,0.695168316364288,0.479131430387497,0.18324892222881306,0.0988908112049103,1.3570101410150617,0,1,0,0,0,0,0,0,0,0,0,0,1,0,0
Kenya,122,4.356,0.52267,0.7624,0.30147,0.40576,0.06686,0.41328,1.88356,0,0,0,0,0,0,0,0,1,0,0,1,0,0,0
Trinidad and Tobago,41,6.167999999999998,1.21183,1.18354,0.61483,0.55884,0.0114,0.31844,2.26912,0,0,0,1,0,0,0,0,0,0,1,0,0,0,0
Somaliland region,91,5.057,0.18847,0.95152,0.43873,0.46582,0.39928,0.5031800000000001,2.1099999999999994,0,0,0,0,0,0,0,0,1,0,1,0,0,0,0
Ecuador,50,6.028,0.912,1.3119999999999998,0.868,0.498,0.087,0.126,2.225,0,0,0,1,0,0,0,0,0,0,0,0,0,0,1
Russia,64,5.716,1.13764,1.23617,0.6692600000000001,0.36679,0.03005,0.00199,2.2741,0,1,0,0,0,0,0,0,0,0,1,0,0,0,0
Nigeria,78,5.268,0.65435,0.90432,0.16007000000000002,0.34334000000000003,0.0403,0.27233,2.8932899999999995,0,0,0,0,0,0,0,0,1,0,1,0,0,0,0
Slovakia,39,6.172999999999999,1.21,1.537,0.7759999999999999,0.354,0.014,0.118,2.164,0,1,0,0,0,0,0,0,0,0,0,0,0,1,0
Ghana,131,4.11999988555908,0.667224824428558,0.873664736747742,0.29563772678375205,0.423026293516159,0.0253363698720932,0.25692394375801103,1.5781859904527649,0,0,0,0,0,0,0,0,1,0,0,0,1,0,0
Mongolia,100,4.874,0.82819,1.3006,0.60268,0.43626,0.026660000000000003,0.3323,1.3473099999999998,0,0,1,0,0,0,0,0,0,0,1,0,0,0,0
Brazil,22,6.63500022888184,1.10735321044922,1.43130600452423,0.6165523529052729,0.437453746795654,0.111092761158943,0.16234989464282998,2.7688922584056903,0,0,0,1,0,0,0,0,0,0,0,0,1,0,0
Belarus,67,5.5689997673034695,1.15655755996704,1.4449452161788898,0.6377142667770389,0.295400261878967,0.156313821673393,0.15513750910759,1.722931131720551,0,1,0,0,0,0,0,0,0,0,0,0,1,0,0
United States,15,7.119,1.39451,1.24711,0.86179,0.54604,0.1589,0.40105,2.5096,0,0,0,0,0,1,0,0,0,0,1,0,0,0,0
Ivory Coast,151,3.655,0.46534,0.77115,0.15185,0.46866,0.17922000000000002,0.20165,1.4171299999999998,0,0,0,0,0,0,0,0,1,0,1,0,0,0,0
Congo (Kinshasa),132,4.245,0.069,1.136,0.204,0.312,0.052000000000000005,0.197,2.2750000000000004,0,0,0,0,0,0,0,0,1,0,0,0,0,1,0
Mongolia,94,5.125,0.914,1.517,0.575,0.395,0.032,0.253,1.4389999999999996,0,0,1,0,0,0,0,0,0,0,0,0,0,1,0
Kyrgyzstan,77,5.2860000000000005,0.47428,1.15115,0.65088,0.43477,0.04232,0.3003,2.2323000000000004,0,1,0,0,0,0,0,0,0,0,1,0,0,0,0
Sierra Leone,123,4.507,0.33024000000000003,0.95571,0.0,0.4084,0.08786000000000001,0.21488,2.50991,0,0,0,0,0,0,0,0,1,0,1,0,0,0,0
Chile,25,6.476,1.131,1.331,0.8079999999999999,0.431,0.061,0.197,2.5170000000000003,0,0,0,1,0,0,0,0,0,0,0,0,0,1,0
Burundi,157,2.905,0.0153,0.41587,0.22396,0.1185,0.10062,0.19727,1.83348,0,0,0,0,0,0,0,0,1,0,1,0,0,0,0
Northern Cyprus,58,5.835,1.229,1.211,0.909,0.495,0.154,0.179,1.6579999999999997,0,0,0,0,1,0,0,0,0,0,0,0,0,1,0
Guatemala,30,6.3820000000000014,0.7809999999999999,1.268,0.608,0.604,0.071,0.179,2.8710000000000004,0,0,0,1,0,0,0,0,0,0,0,0,0,1,0
New Zealand,8,7.31400012969971,1.40570604801178,1.54819512367249,0.816759705543518,0.6140621304512021,0.38281670212745705,0.500005125999451,2.0464552938938123,1,0,0,0,0,0,0,0,0,0,0,0,1,0,0
Sweden,9,7.28399991989136,1.49438726902008,1.47816216945648,0.830875158309937,0.612924098968506,0.384398728609085,0.38539925217628496,2.0978532433509867,0,0,0,0,0,0,0,0,0,1,0,0,1,0,0
Mozambique,123,4.417,0.198,0.902,0.173,0.531,0.158,0.206,2.249,0,0,0,0,0,0,0,0,1,0,0,0,0,1,0
Latvia,53,5.94,1.187,1.465,0.812,0.264,0.064,0.075,2.0729999999999995,0,1,0,0,0,0,0,0,0,0,0,0,0,0,1
Tunisia,98,5.045,0.97724,0.43165,0.59577,0.23553,0.0817,0.03936,2.68375,0,0,0,0,1,0,0,0,0,0,0,1,0,0,0
Cyprus,69,5.546,1.31857,0.70697,0.8488,0.29507,0.052279999999999986,0.27906,2.04525,0,0,0,0,0,0,0,0,0,1,0,1,0,0,0
Macedonia,95,5.121,1.0193,0.78236,0.6473800000000001,0.27668000000000004,0.07047,0.23507,2.089740000000001,0,1,0,0,0,0,0,0,0,0,0,1,0,0,0
Costa Rica,12,7.167000000000002,1.034,1.4409999999999998,0.963,0.5579999999999999,0.093,0.14400000000000002,2.934000000000001,0,0,0,1,0,0,0,0,0,0,0,0,0,0,1
Kazakhstan,54,5.855,1.12254,1.12241,0.64368,0.51649,0.08454,0.11827,2.2470700000000003,0,1,0,0,0,0,0,0,0,0,1,0,0,0,0
Iraq,112,4.575,1.07474,0.59205,0.51076,0.24856,0.13635999999999998,0.19589,1.8166400000000005,0,0,0,0,1,0,0,0,0,0,0,1,0,0,0
Taiwan,38,6.297999999999999,1.29098,1.07617,0.8753,0.3974,0.08129,0.25376,2.3230999999999997,0,0,1,0,0,0,0,0,0,0,1,0,0,0,0
Denmark,3,7.527,1.32548,1.36058,0.87464,0.6493800000000001,0.48357,0.34139,2.4919600000000006,0,0,0,0,0,0,0,0,0,1,1,0,0,0,0
Mauritania,130,4.2010000000000005,0.6139100000000001,0.8414200000000001,0.28639000000000003,0.1268,0.17955,0.22686,1.9260700000000008,0,0,0,0,0,0,0,0,1,0,0,1,0,0,0
Cyprus,61,5.7620000000000005,1.229,1.1909999999999998,0.909,0.423,0.035,0.202,1.7730000000000006,0,0,0,0,0,0,0,0,0,1,0,0,0,1,0
Afghanistan,153,3.575,0.31982,0.30285,0.30335,0.23414,0.09719,0.3651,1.95255,0,0,0,0,0,0,0,1,0,0,1,0,0,0,0
Egypt,122,4.419,0.885,1.025,0.5529999999999999,0.312,0.107,0.092,1.4449999999999994,0,0,0,0,1,0,0,0,0,0,0,0,0,1,0
Albania,95,4.959,0.8786700000000001,0.8043399999999999,0.81325,0.35733000000000004,0.06412999999999999,0.14272,1.8985599999999996,0,1,0,0,0,0,0,0,0,0,1,0,0,0,0
Yemen,151,3.38,0.287,1.163,0.463,0.14300000000000002,0.077,0.108,1.1389999999999998,0,0,0,0,1,0,0,0,0,0,0,0,0,0,1
Kenya,121,4.509,0.512,0.983,0.581,0.431,0.053,0.3720000000000001,1.5769999999999995,0,0,0,0,0,0,0,0,1,0,0,0,0,0,1
Luxembourg,18,6.86299991607666,1.74194359779358,1.45758366584778,0.845089495182037,0.59662789106369,0.31883442401886,0.283180981874466,1.6197398602962467,0,0,0,0,0,0,0,0,0,1,0,0,1,0,0
France,29,6.575,1.27778,1.2603799999999998,0.94579,0.55011,0.20646,0.12332,2.2111600000000013,0,0,0,0,0,0,0,0,0,1,1,0,0,0,0
Pakistan,80,5.26900005340576,0.7268835306167599,0.6726906895637509,0.402047783136368,0.23521526157856,0.124348066747189,0.3154460191726681,2.7923687025904638,0,0,0,0,0,0,0,1,0,0,0,0,1,0,0
Venezuela,44,6.084,1.1336700000000002,1.03302,0.6190399999999999,0.19847,0.08304,0.0425,2.97426,0,0,0,1,0,0,0,0,0,0,0,1,0,0,0
Taiwan,34,6.379,1.39729,0.92624,0.79565,0.32377,0.0663,0.25495,2.6148,0,0,1,0,0,0,0,0,0,0,0,1,0,0,0
Serbia,73,5.39499998092651,1.06931757926941,1.2581897974014298,0.65078467130661,0.20871552824974104,0.0409037806093693,0.22012588381767295,1.9469627402722764,0,1,0,0,0,0,0,0,0,0,0,0,1,0,0
Uzbekistan,49,5.987,0.7359100000000001,1.1681,0.50163,0.60848,0.28333,0.34326,2.34629,0,1,0,0,0,0,0,0,0,0,0,1,0,0,0
Algeria,38,6.355,1.05266,0.83309,0.6180399999999999,0.21006,0.16157,0.07044,3.409140000000001,0,0,0,0,1,0,0,0,0,0,0,1,0,0,0
Austria,13,7.00600004196167,1.48709726333618,1.4599449634552,0.8153284192085269,0.567766189575195,0.22106036543846105,0.316472321748734,2.138330519199372,0,0,0,0,0,0,0,0,0,1,0,0,1,0,0
India,140,4.015,0.755,0.765,0.588,0.498,0.085,0.2,1.1239999999999997,0,0,0,0,0,0,0,1,0,0,0,0,0,0,1
Tunisia,124,4.461,0.921,1.0,0.815,0.16699999999999998,0.055,0.059,1.4440000000000004,0,0,0,0,1,0,0,0,0,0,0,0,0,0,1
Belgium,16,6.9270000000000005,1.324,1.483,0.894,0.583,0.24,0.188,2.215,0,0,0,0,0,0,0,0,0,1,0,0,0,1,0
Canada,9,7.278,1.365,1.505,1.039,0.584,0.308,0.285,2.1919999999999997,0,0,0,0,0,1,0,0,0,0,0,0,0,0,1
Denmark,2,7.6,1.383,1.5730000000000002,0.996,0.5920000000000001,0.41,0.252,2.3939999999999992,0,0,0,0,0,0,0,0,0,1,0,0,0,0,1
Turkmenistan,70,5.547999999999999,0.95847,1.22668,0.53886,0.4761,0.30844,0.16979,1.8696599999999988,0,1,0,0,0,0,0,0,0,0,1,0,0,0,0
Austria,13,7.2,1.33723,1.29704,0.8904200000000001,0.62433,0.18676,0.33088,2.533340000000001,0,0,0,0,0,0,0,0,0,1,1,0,0,0,0
China,84,5.14,0.89012,0.94675,0.81658,0.5169699999999999,0.02781,0.08185,1.8599199999999996,0,0,1,0,0,0,0,0,0,0,1,0,0,0,0
Tajikistan,96,5.04099988937378,0.524713635444641,1.27146327495575,0.5292351245880129,0.471566706895828,0.14637714624404902,0.24899764358997306,1.8486463576555259,0,1,0,0,0,0,0,0,0,0,0,0,1,0,0
Kuwait,45,6.082999999999998,1.474,1.301,0.675,0.5539999999999999,0.106,0.16699999999999998,1.8059999999999992,0,0,0,0,1,0,0,0,0,0,0,0,0,1,0
Colombia,37,6.26,0.96,1.439,0.635,0.531,0.039,0.099,2.5569999999999995,0,0,0,1,0,0,0,0,0,0,0,0,0,1,0
South Africa,116,4.459,1.02416,0.96053,0.18611,0.42483,0.08415,0.13656,1.6426599999999998,0,0,0,0,0,0,0,0,1,0,0,1,0,0,0
Myanmar,131,4.36,0.71,1.181,0.555,0.525,0.172,0.5660000000000001,0.6509999999999998,0,0,0,0,0,0,1,0,0,0,0,0,0,0,1
Suriname,40,6.269,0.99534,0.972,0.6082,0.5965699999999999,0.13633,0.16990999999999998,2.7906500000000003,0,0,0,1,0,0,0,0,0,0,1,0,0,0,0
Ethiopia,115,4.508,0.29283000000000003,0.37932,0.34578000000000003,0.36703,0.1717,0.29522,2.65612,0,0,0,0,0,0,0,0,1,0,0,1,0,0,0
Puerto Rico,15,7.039,1.35943,1.08113,0.77758,0.46823,0.12275,0.22202,3.00786,0,0,0,1,0,0,0,0,0,0,0,1,0,0,0
Benin,153,3.484,0.39499,0.10419,0.21028,0.39747,0.06681000000000001,0.2018,2.10846,0,0,0,0,0,0,0,0,1,0,0,1,0,0,0
Madagascar,144,3.64400005340576,0.305808693170547,0.9130203723907472,0.375223308801651,0.18919676542282104,0.0672319754958153,0.208732530474663,1.5847864076495153,0,0,0,0,0,0,0,0,1,0,0,0,1,0,0
Vietnam,95,5.103,0.715,1.365,0.7020000000000001,0.618,0.079,0.177,1.4469999999999996,0,0,0,0,0,0,1,0,0,0,0,0,0,1,0
Czech Republic,27,6.596,1.30915,1.00793,0.76376,0.41418,0.03986,0.09929,2.9618300000000004,0,1,0,0,0,0,0,0,0,0,0,1,0,0,0
Jordan,101,4.9060000000000015,0.8370000000000001,1.225,0.815,0.383,0.13,0.11,1.4060000000000006,0,0,0,0,1,0,0,0,0,0,0,0,0,0,1
Costa Rica,14,7.0870000000000015,1.06879,1.02152,0.76146,0.55225,0.10547,0.22553,3.351980000000001,0,0,0,1,0,0,0,0,0,0,0,1,0,0,0
Spain,30,6.354,1.286,1.484,1.062,0.362,0.079,0.153,1.9280000000000008,0,0,0,0,0,0,0,0,0,1,0,0,0,0,1
Rwanda,152,3.515,0.32846,0.6158600000000001,0.31865,0.5432,0.50521,0.23552,0.9680999999999996,0,0,0,0,0,0,0,0,1,0,0,1,0,0,0
Estonia,73,5.4289999999999985,1.15174,1.22791,0.77361,0.44888,0.15184,0.0868,1.5882199999999993,0,1,0,0,0,0,0,0,0,0,1,0,0,0,0
United States,18,6.886,1.398,1.471,0.8190000000000001,0.547,0.133,0.29100000000000004,2.2270000000000003,0,0,0,0,0,1,0,0,0,0,0,0,0,1,0
Afghanistan,154,3.2030000000000003,0.35,0.517,0.361,0.0,0.025,0.158,1.7920000000000005,0,0,0,0,0,0,0,1,0,0,0,0,0,0,1
Laos,99,4.876,0.5906600000000001,0.73803,0.54909,0.59591,0.24249,0.42192,1.7379000000000002,0,0,0,0,0,0,1,0,0,0,1,0,0,0,0
Croatia,62,5.759,1.08254,0.79624,0.78805,0.25883,0.0243,0.05444,2.7545999999999986,0,1,0,0,0,0,0,0,0,0,1,0,0,0,0
Singapore,22,6.739,1.64555,0.8675799999999999,0.94719,0.4877,0.46987,0.32706,1.99405,0,0,0,0,0,0,1,0,0,0,0,1,0,0,0
Burkina Faso,115,4.587,0.331,1.056,0.38,0.255,0.113,0.177,2.275,0,0,0,0,0,0,0,0,1,0,0,0,0,0,1
Ethiopia,119,4.46000003814697,0.339233845472336,0.8646692037582401,0.353409707546234,0.408842742443085,0.16545571386814098,0.31265074014663696,2.015738084912297,0,0,0,0,0,0,0,0,1,0,0,0,1,0,0
Vietnam,94,5.07399988174438,0.7885475754737851,1.27749133110046,0.6521689891815191,0.571055591106415,0.0876332372426987,0.234968051314354,1.4621351063251486,0,0,0,0,0,0,1,0,0,0,0,0,1,0,0
India,122,4.31500005722046,0.7922212481498722,0.754372596740723,0.455427616834641,0.469987004995346,0.0922268852591515,0.23153848946094505,1.5192262157797811,0,0,0,0,0,0,0,1,0,0,0,0,1,0,0
Jamaica,56,5.89,0.831,1.4780000000000002,0.831,0.49,0.028,0.107,2.125,0,0,0,1,0,0,0,0,0,0,0,0,0,0,1
Mauritania,124,4.436,0.45407,0.86908,0.35874,0.24232,0.17461,0.219,2.1181799999999997,0,0,0,0,0,0,0,0,1,0,1,0,0,0,0
Tunisia,107,4.739,0.88113,0.60429,0.73793,0.26268,0.06358,0.06431,2.12508,0,0,0,0,1,0,0,0,0,0,1,0,0,0,0
Niger,144,3.845,0.0694,0.77265,0.29707,0.47692,0.15639,0.19387,1.8787000000000005,0,0,0,0,0,0,0,0,1,0,1,0,0,0,0
Tajikistan,100,4.996,0.48835,0.75602,0.5311899999999999,0.43408,0.13509000000000002,0.25998000000000004,2.39129,0,1,0,0,0,0,0,0,0,0,0,1,0,0,0
Yemen,136,4.077,0.5464899999999999,0.68093,0.40064,0.35571,0.07854,0.09131,1.92338,0,0,0,0,1,0,0,0,0,0,1,0,0,0,0
Japan,54,5.915,1.294,1.462,0.988,0.5529999999999999,0.15,0.079,1.3889999999999991,0,0,1,0,0,0,0,0,0,0,0,0,0,1,0
Tanzania,153,3.303,0.455,0.991,0.381,0.481,0.097,0.27,0.6280000000000001,0,0,0,0,0,0,0,0,1,0,0,0,0,1,0
Botswana,128,4.332,0.99355,1.10464,0.04776,0.49495,0.12474,0.10461,1.4617499999999994,0,0,0,0,0,0,0,0,1,0,1,0,0,0,0
Belize,50,5.955999851226809,0.907975316047668,1.08141779899597,0.450191766023636,0.5475093722343439,0.0965810716152191,0.24001564085483604,2.6323088854551355,0,0,0,1,0,0,0,0,0,0,0,0,1,0,0
Japan,46,5.987,1.27074,1.25712,0.99111,0.49615,0.1806,0.10705,1.6842300000000003,0,0,1,0,0,0,0,0,0,0,1,0,0,0,0
Austria,10,7.246,1.376,1.475,1.016,0.532,0.226,0.244,2.3770000000000007,0,0,0,0,0,0,0,0,0,1,0,0,0,0,1
Romania,57,5.824999809265139,1.21768391132355,1.15009129047394,0.6851583123207089,0.457003742456436,0.004387900698930029,0.133519917726517,2.177154734265057,0,1,0,0,0,0,0,0,0,0,0,0,1,0,0
Ivory Coast,128,4.17999982833862,0.6030489206314089,0.904780030250549,0.0486421696841717,0.4477061927318571,0.130061775445938,0.201237469911575,1.8445232696831204,0,0,0,0,0,0,0,0,1,0,0,0,1,0,0
Togo,150,3.4949998855590803,0.3054447174072269,0.4318825304508211,0.247105568647385,0.38042613863945,0.0956650152802467,0.19689615070819896,1.8375797644257517,0,0,0,0,0,0,0,0,1,0,0,0,1,0,0
Dominican Republic,77,5.425,1.015,1.401,0.779,0.4970000000000001,0.101,0.113,1.519,0,0,0,1,0,0,0,0,0,0,0,0,0,0,1
Finland,6,7.4060000000000015,1.29025,1.31826,0.8891100000000001,0.64169,0.41372,0.23351,2.619460000000001,0,0,0,0,0,0,0,0,0,1,1,0,0,0,0
Malta,27,6.52699995040894,1.34327983856201,1.48841166496277,0.821944236755371,0.588767051696777,0.153066068887711,0.5747305750846861,1.5568005144596144,0,0,0,0,0,0,0,0,0,1,0,0,1,0,0
Mozambique,123,4.466,0.204,0.986,0.39,0.494,0.138,0.197,2.0570000000000004,0,0,0,0,0,0,0,0,1,0,0,0,0,0,1
Australia,10,7.272,1.34,1.5730000000000002,0.91,0.647,0.302,0.361,2.139,1,0,0,0,0,0,0,0,0,0,0,0,0,1,0
Venezuela,82,5.25,1.12843120098114,1.43133759498596,0.617144227027893,0.15399712324142498,0.0644911229610443,0.0650196298956871,1.789579100906851,0,0,0,1,0,0,0,0,0,0,0,0,1,0,0
Sierra Leone,129,4.374,0.268,0.841,0.242,0.309,0.045,0.252,2.417,0,0,0,0,0,0,0,0,1,0,0,0,0,0,1
France,23,6.489,1.293,1.466,0.908,0.52,0.17600000000000002,0.098,2.028,0,0,0,0,0,0,0,0,0,1,0,0,0,1,0
Turkey,76,5.332000000000002,1.06098,0.94632,0.73172,0.22815,0.15746,0.12253,2.0848400000000007,0,0,0,0,1,0,0,0,0,0,1,0,0,0,0
Northern Cyprus,64,5.718,1.263,1.252,1.042,0.417,0.162,0.191,1.391000000000001,0,0,0,0,1,0,0,0,0,0,0,0,0,0,1
Congo (Kinshasa),125,4.272,0.05661,0.80676,0.188,0.15602,0.06075,0.25458000000000003,2.74928,0,0,0,0,0,0,0,0,1,0,0,1,0,0,0
Mauritania,122,4.49,0.57,1.167,0.489,0.066,0.08800000000000001,0.106,2.0040000000000004,0,0,0,0,0,0,0,0,1,0,0,0,0,0,1
Paraguay,53,5.877999999999999,0.75985,1.30477,0.66098,0.53899,0.08242000000000001,0.3424,2.188589999999999,0,0,0,1,0,0,0,0,0,0,1,0,0,0,0
Turkey,79,5.372999999999998,1.183,1.36,0.8079999999999999,0.195,0.106,0.083,1.6379999999999997,0,0,0,0,1,0,0,0,0,0,0,0,0,0,1
South Korea,55,5.837999820709231,1.40167844295502,1.1282744407653795,0.900214076042175,0.257921665906906,0.0632826685905457,0.206674367189407,1.8799541592597981,0,0,1,0,0,0,0,0,0,0,0,0,1,0,0
China,86,5.246,0.989,1.142,0.799,0.597,0.103,0.029,1.5870000000000002,0,0,1,0,0,0,0,0,0,0,0,0,0,1,0
Chad,144,3.763,0.42214,0.63178,0.03824,0.12807000000000002,0.04952,0.18667,2.30658,0,0,0,0,0,0,0,0,1,0,0,1,0,0,0
New Zealand,8,7.334,1.36066,1.17278,0.83096,0.5814699999999999,0.41904,0.4940100000000001,2.4750799999999997,1,0,0,0,0,0,0,0,0,0,0,1,0,0,0
Belgium,19,6.937,1.30782,1.28566,0.8966700000000001,0.5845,0.2254,0.2225,2.4144500000000004,0,0,0,0,0,0,0,0,0,1,1,0,0,0,0
Switzerland,1,7.5870000000000015,1.39651,1.34951,0.94143,0.66557,0.41978,0.29678000000000004,2.5174200000000004,0,0,0,0,0,0,0,0,0,1,1,0,0,0,0
Estonia,63,5.739,1.2,1.5319999999999998,0.737,0.5529999999999999,0.174,0.086,1.4569999999999992,0,1,0,0,0,0,0,0,0,0,0,0,0,1,0
Liberia,116,4.5710000000000015,0.0712,0.78968,0.34201,0.28531,0.062320000000000014,0.24362,2.776860000000001,0,0,0,0,0,0,0,0,1,0,1,0,0,0,0
Saudi Arabia,35,6.4110000000000005,1.39541,1.0839299999999998,0.72025,0.31048000000000003,0.32524000000000003,0.13706,2.4386300000000007,0,0,0,0,1,0,0,0,0,0,1,0,0,0,0
El Salvador,45,6.0029997825622585,0.909784495830536,1.1821250915527302,0.596018552780151,0.432452529668808,0.0899809598922729,0.0782579854130745,2.7143801674246872,0,0,0,1,0,0,0,0,0,0,0,0,1,0,0
Greece,102,4.857,1.15406,0.92933,0.88213,0.07699,0.013969999999999998,0.0,1.80052,0,0,0,0,0,0,0,0,0,1,1,0,0,0,0
Bangladesh,125,4.456,0.562,0.928,0.723,0.527,0.14300000000000002,0.166,1.4070000000000005,0,0,0,0,0,0,0,1,0,0,0,0,0,0,1
Czech Republic,20,6.852,1.269,1.487,0.92,0.457,0.036000000000000004,0.046,2.6370000000000005,0,1,0,0,0,0,0,0,0,0,0,0,0,0,1
Mali,128,4.39,0.385,1.105,0.308,0.327,0.052000000000000005,0.153,2.06,0,0,0,0,0,0,0,0,1,0,0,0,0,0,1
Sri Lanka,120,4.44000005722046,1.00985014438629,1.25997638702393,0.625130832195282,0.561213254928589,0.0736539661884308,0.490863561630249,0.4193119108676893,0,0,0,0,0,0,0,1,0,0,0,0,1,0,0
Palestinian Territories,108,4.715,0.59867,0.92558,0.66015,0.24499,0.12905,0.11251,2.04405,0,0,0,0,1,0,0,0,0,0,1,0,0,0,0
Qatar,32,6.374,1.649,1.3030000000000002,0.748,0.654,0.171,0.256,1.592999999999999,0,0,0,0,1,0,0,0,0,0,0,0,0,1,0
Norway,4,7.522,1.459,1.33095,0.88521,0.66973,0.36503,0.34699,2.46509,0,0,0,0,0,0,0,0,0,1,1,0,0,0,0
Macedonia,89,5.185,0.959,1.239,0.691,0.394,0.052000000000000005,0.173,1.6769999999999992,0,1,0,0,0,0,0,0,0,0,0,0,0,1,0
Moldova,56,5.837999820709231,0.7288706302642819,1.25182557106018,0.5894652009010309,0.240729048848152,0.0100912861526012,0.20877912640571605,2.808238957077269,0,1,0,0,0,0,0,0,0,0,0,0,1,0,0
Palestinian Territories,103,4.77500009536743,0.716249227523804,1.15564715862274,0.565666973590851,0.25471106171608,0.0892826020717621,0.114173173904419,1.879269897937773,0,0,0,0,1,0,0,0,0,0,0,0,1,0,0
Iran,108,4.69199991226196,1.15687310695648,0.7115512490272521,0.639333188533783,0.24932260811328896,0.048761073499918005,0.387242913246155,1.4989157728850833,0,0,0,0,1,0,0,0,0,0,0,0,1,0,0
Montenegro,83,5.23699998855591,1.12112903594971,1.23837649822235,0.6674646735191351,0.194989055395126,0.0881741940975189,0.197911024093628,1.7289555072784424,0,1,0,0,0,0,0,0,0,0,0,0,1,0,0
Congo (Brazzaville),114,4.559,0.682,0.8109999999999999,0.343,0.514,0.077,0.091,2.0410000000000004,0,0,0,0,0,0,0,0,1,0,0,0,0,1,0
Croatia,82,5.3210000000000015,1.115,1.161,0.737,0.38,0.039,0.12,1.7690000000000006,0,1,0,0,0,0,0,0,0,0,0,0,0,1,0
Bulgaria,105,4.71400022506714,1.1614590883255,1.43437945842743,0.708217680454254,0.2892317175865169,0.0110515309497714,0.113177694380283,0.9964830549433844,0,1,0,0,0,0,0,0,0,0,0,0,1,0,0
Estonia,55,5.893,1.237,1.528,0.8740000000000001,0.495,0.161,0.103,1.495,0,1,0,0,0,0,0,0,0,0,0,0,0,0,1
Mexico,14,7.187,1.02054,0.91451,0.8144399999999999,0.48181,0.21312,0.14074,3.6018400000000006,0,0,0,1,0,0,0,0,0,0,1,0,0,0,0
Nepal,99,4.961999893188481,0.479820191860199,1.17928326129913,0.504130780696869,0.4403059482574461,0.0729755461215973,0.3940961658954621,1.8913879990577775,0,0,0,0,0,0,0,1,0,0,0,0,1,0,0
Malta,22,6.726,1.3,1.52,0.999,0.564,0.151,0.375,1.817,0,0,0,0,0,0,0,0,0,1,0,0,0,0,1
Bosnia and Herzegovina,93,5.129,0.915,1.078,0.758,0.28,0.0,0.21600000000000005,1.8819999999999988,0,1,0,0,0,0,0,0,0,0,0,0,0,1,0
Gambia,120,4.516,0.308,0.939,0.428,0.382,0.16699999999999998,0.269,2.023,0,0,0,0,0,0,0,0,1,0,0,0,0,0,1
Slovakia,40,6.09800004959106,1.32539355754852,1.5050592422485398,0.712732911109924,0.295817464590073,0.0242108516395092,0.136544480919838,2.098241541534656,0,1,0,0,0,0,0,0,0,0,0,0,1,0,0
Armenia,121,4.36,0.8608600000000001,0.6247699999999999,0.64083,0.14037,0.036160000000000005,0.07793,1.9790800000000008,0,1,0,0,0,0,0,0,0,0,0,1,0,0,0
Liberia,150,3.622,0.10706,0.50353,0.23165,0.25748000000000004,0.04852,0.24063,2.23313,0,0,0,0,0,0,0,0,1,0,0,1,0,0,0
Peru,64,5.7429999999999986,0.99602,0.81255,0.6299399999999999,0.37502,0.05292,0.14527,2.7312799999999995,0,0,0,1,0,0,0,0,0,0,0,1,0,0,0
Jordan,80,5.303,0.99673,0.86216,0.60712,0.36023,0.13297,0.14262,2.2011700000000003,0,0,0,0,1,0,0,0,0,0,0,1,0,0,0
Mali,138,3.995,0.26074,1.03526,0.20583,0.38857,0.12352,0.18798,1.7931,0,0,0,0,0,0,0,0,1,0,1,0,0,0,0
Comoros,140,3.956,0.23906,0.79273,0.36315,0.22917,0.199,0.17440999999999998,1.9584800000000004,0,0,0,0,0,0,0,0,1,0,1,0,0,0,0
Bahrain,42,6.218,1.44024,0.94397,0.65696,0.47375,0.25772,0.17147,2.27389,0,0,0,0,1,0,0,0,0,0,0,1,0,0,0
Morocco,90,5.151,0.8405799999999999,0.38595,0.5947100000000001,0.25646,0.08404,0.04053,2.94873,0,0,0,0,1,0,0,0,0,0,0,1,0,0,0
Iraq,112,4.677,0.98549,0.81889,0.60237,0.0,0.13788,0.17922000000000002,1.9531499999999995,0,0,0,0,1,0,0,0,0,0,1,0,0,0,0
Kazakhstan,60,5.809,1.173,1.508,0.7290000000000001,0.41,0.096,0.146,1.747,0,1,0,0,0,0,0,0,0,0,0,0,0,0,1
United Arab Emirates,21,6.6479997634887695,1.6263433694839498,1.26641023159027,0.726798236370087,0.60834527015686,0.324489563703537,0.3609419465065,1.7346711456775656,0,0,0,0,1,0,0,0,0,0,0,0,1,0,0
Saudi Arabia,37,6.343999862670901,1.53062355518341,1.28667759895325,0.590148329734802,0.449750572443008,0.27343225479126004,0.147616013884544,2.065751537680627,0,0,0,0,1,0,0,0,0,0,0,0,1,0,0
Uganda,133,4.08099985122681,0.381430715322495,1.12982773780823,0.21763260662555706,0.443185955286026,0.057069718837738,0.32576605677604703,1.5260870605707173,0,0,0,0,0,0,0,0,1,0,0,0,1,0,0
New Zealand,8,7.324,1.268,1.601,0.8759999999999999,0.669,0.389,0.365,2.156,1,0,0,0,0,0,0,0,0,0,0,0,0,1,0
Algeria,88,5.211,1.002,1.16,0.785,0.086,0.114,0.073,1.9910000000000003,0,0,0,0,1,0,0,0,0,0,0,0,0,0,1
Latvia,89,5.098,1.11312,1.09562,0.72437,0.29671,0.06332,0.18226,1.6225999999999998,0,1,0,0,0,0,0,0,0,0,1,0,0,0,0
Uruguay,29,6.545,1.18157,1.0314299999999998,0.72183,0.54388,0.21394,0.18056,2.67179,0,0,0,1,0,0,0,0,0,0,0,1,0,0,0
Cyprus,65,5.62099981307983,1.35593807697296,1.13136327266693,0.84471470117569,0.35511153936386103,0.0412379764020443,0.271254301071167,1.6213799454271782,0,0,0,0,0,0,0,0,0,1,0,0,1,0,0
Czech Republic,21,6.711,1.233,1.489,0.8540000000000001,0.5429999999999999,0.034,0.064,2.4940000000000007,0,1,0,0,0,0,0,0,0,0,0,0,0,1,0
Greece,99,5.033,1.24886,0.75473,0.80029,0.058220000000000015,0.04127,0.0,2.1296300000000006,0,0,0,0,0,0,0,0,0,1,0,1,0,0,0
Guatemala,43,6.122999999999998,0.74553,1.04356,0.64425,0.57733,0.09472,0.27489,2.742719999999999,0,0,0,1,0,0,0,0,0,0,1,0,0,0,0
Chad,131,4.301,0.358,0.907,0.053,0.189,0.06,0.181,2.553,0,0,0,0,0,0,0,0,1,0,0,0,0,1,0
Vietnam,96,5.061,0.74037,0.7911699999999999,0.66157,0.5595399999999999,0.11556,0.25075,1.9420400000000002,0,0,0,0,0,0,1,0,0,0,0,1,0,0,0
Djibouti,126,4.369,0.44025,0.59207,0.36291,0.46074,0.28105,0.18093,2.05105,0,0,0,0,0,0,0,0,1,0,1,0,0,0,0
Cameroon,133,4.252,0.4225,0.8876700000000001,0.23402,0.49309,0.05786,0.20618000000000006,1.95068,0,0,0,0,0,0,0,0,1,0,1,0,0,0,0
Ghana,114,4.633,0.5455800000000001,0.6795399999999999,0.40132,0.42342,0.04355,0.23087,2.30872,0,0,0,0,0,0,0,0,1,0,1,0,0,0,0
Croatia,74,5.488,1.18649,0.6080899999999999,0.70524,0.23907,0.04002,0.18434,2.52475,0,1,0,0,0,0,0,0,0,0,0,1,0,0,0
Congo (Brazzaville),124,4.29099988937378,0.8089642524719242,0.8320443630218509,0.28995743393898,0.4350258708000179,0.0796181336045265,0.12085212767124197,1.724537707865239,0,0,0,0,0,0,0,0,1,0,0,0,1,0,0
Peru,65,5.6629999999999985,0.934,1.249,0.674,0.53,0.034,0.092,2.149999999999999,0,0,0,1,0,0,0,0,0,0,0,0,0,1,0
Paraguay,64,5.681,0.835,1.5219999999999998,0.615,0.541,0.07400000000000001,0.162,1.9320000000000008,0,0,0,1,0,0,0,0,0,0,0,0,0,1,0
Peru,58,5.824,0.9001899999999999,0.97459,0.73017,0.4149600000000001,0.05989,0.14982,2.59438,0,0,0,1,0,0,0,0,0,0,1,0,0,0,0
Chad,132,4.35,0.35,0.7659999999999999,0.192,0.174,0.078,0.198,2.592,0,0,0,0,0,0,0,0,1,0,0,0,0,0,1
Macedonia,92,5.1750001907348615,1.06457793712616,1.20789301395416,0.644948184490204,0.325905978679657,0.0602777935564518,0.25376096367836,1.6176363192498684,0,1,0,0,0,0,0,0,0,0,0,0,1,0,0
Switzerland,5,7.487,1.42,1.5490000000000002,0.927,0.66,0.35700000000000004,0.256,2.318,0,0,0,0,0,0,0,0,0,1,0,0,0,1,0
Togo,139,3.999,0.259,0.474,0.253,0.434,0.101,0.158,2.32,0,0,0,0,0,0,0,0,1,0,0,0,0,1,0
Cambodia,129,4.1680002212524405,0.6017650961875921,1.00623834133148,0.429783403873444,0.633375823497772,0.0681059509515762,0.385922968387604,1.042808637022972,0,0,0,0,0,0,1,0,0,0,0,0,1,0,0
Zambia,85,5.129,0.47038,0.91612,0.29924,0.48827,0.12468,0.19591,2.6343999999999994,0,0,0,0,0,0,0,0,1,0,1,0,0,0,0
Bosnia and Herzegovina,90,5.18200016021729,0.982409417629242,1.0693359375,0.705186307430267,0.204403176903725,0.0,0.328867495059967,1.8917978256940888,0,1,0,0,0,0,0,0,0,0,0,0,1,0,0
Hong Kong,72,5.474,1.38604,1.05818,1.01328,0.59608,0.37124,0.39478,0.6544000000000008,0,0,1,0,0,0,0,0,0,0,1,0,0,0,0
Ecuador,44,6.00799989700317,1.00082039833069,1.28616881370544,0.685636222362518,0.4551981985569,0.140134647488594,0.15011246502399406,2.289929151535034,0,0,0,1,0,0,0,0,0,0,0,0,1,0,0
Kazakhstan,54,5.919,1.22943,0.95544,0.57386,0.4052,0.11132,0.15011,2.49364,0,1,0,0,0,0,0,0,0,0,0,1,0,0,0
Mauritania,123,4.29199981689453,0.6484572887420649,1.2720308303833,0.285349279642105,0.0960980430245399,0.136957004666328,0.201870024204254,1.6512373462319383,0,0,0,0,0,0,0,0,1,0,0,0,1,0,0
Qatar,35,6.375,1.87076568603516,1.27429687976837,0.7100980877876278,0.604130983352661,0.4392992556095121,0.33047387003898604,1.1459352374076834,0,0,0,0,1,0,0,0,0,0,0,0,1,0,0
Malta,37,6.3020000000000005,1.2074,1.30203,0.88721,0.60365,0.13585999999999998,0.51752,1.6483300000000003,0,0,0,0,0,0,0,0,0,1,1,0,0,0,0
China,83,5.245,1.0278,0.79381,0.73561,0.44012,0.02745,0.04959,2.1706200000000004,0,0,1,0,0,0,0,0,0,0,0,1,0,0,0
Rwanda,152,3.334,0.359,0.711,0.614,0.555,0.411,0.217,0.4669999999999997,0,0,0,0,0,0,0,0,1,0,0,0,0,0,1
Laos,110,4.623,0.72,1.034,0.441,0.626,0.174,0.23,1.3980000000000006,0,0,0,0,0,0,1,0,0,0,0,0,0,1,0
Latvia,68,5.56,1.21788,0.95025,0.63952,0.27996,0.0889,0.17445,2.2090400000000003,0,1,0,0,0,0,0,0,0,0,0,1,0,0,0
Gabon,104,4.799,1.057,1.183,0.5710000000000001,0.295,0.055,0.043,1.5949999999999989,0,0,0,0,0,0,0,0,1,0,0,0,0,0,1
Belarus,73,5.483,1.039,1.4980000000000002,0.7,0.307,0.154,0.101,1.6839999999999995,0,1,0,0,0,0,0,0,0,0,0,0,0,1,0
Romania,52,5.945,1.116,1.219,0.726,0.528,0.001,0.08800000000000001,2.2670000000000003,0,1,0,0,0,0,0,0,0,0,0,0,0,1,0
Spain,36,6.31,1.251,1.538,0.965,0.449,0.07400000000000001,0.142,1.891,0,0,0,0,0,0,0,0,0,1,0,0,0,1,0
Greece,87,5.227000236511231,1.28948748111725,1.23941457271576,0.8101989030838009,0.0957312509417534,0.04328977689147,0.0,1.7488782517611965,0,0,0,0,0,0,0,0,0,1,0,0,1,0,0
Belgium,18,6.922999999999999,1.356,1.504,0.986,0.473,0.21,0.16,2.233999999999999,0,0,0,0,0,0,0,0,0,1,0,0,0,0,1
Qatar,28,6.6110000000000015,1.69042,1.0786,0.79733,0.6404,0.52208,0.32573,1.5564400000000005,0,0,0,0,1,0,0,0,0,0,1,0,0,0,0
Congo (Kinshasa),126,4.280000209808351,0.0921023488044739,1.22902345657349,0.191407024860382,0.235961347818375,0.0602413564920425,0.246455833315849,2.2248088419437377,0,0,0,0,0,0,0,0,1,0,0,0,1,0,0
Ukraine,133,4.332,0.82,1.39,0.7390000000000001,0.17800000000000002,0.01,0.187,1.0080000000000005,0,1,0,0,0,0,0,0,0,0,0,0,0,0,1
Ethiopia,122,4.512,0.19073,0.60406,0.44055,0.4345,0.15048,0.24325,2.44843,0,0,0,0,0,0,0,0,1,0,1,0,0,0,0
Congo (Brazzaville),139,3.989,0.67866,0.6629,0.31051,0.41466,0.11686,0.12388,1.6815299999999995,0,0,0,0,0,0,0,0,1,0,1,0,0,0,0
Kazakhstan,60,5.79,1.143,1.516,0.631,0.454,0.121,0.14800000000000002,1.777,0,1,0,0,0,0,0,0,0,0,0,0,0,1,0
Philippines,90,5.073,0.70532,1.03516,0.58114,0.62545,0.12279,0.24991,1.7532300000000005,0,0,0,0,0,0,1,0,0,0,1,0,0,0,0
Spain,36,6.329,1.23011,1.31379,0.95562,0.45951,0.06398,0.18227,2.12372,0,0,0,0,0,0,0,0,0,1,1,0,0,0,0
Uzbekistan,41,6.174,0.745,1.529,0.7559999999999999,0.631,0.24,0.322,1.951,0,1,0,0,0,0,0,0,0,0,0,0,0,0,1
Ecuador,48,5.975,0.8640200000000001,0.99903,0.79075,0.48574,0.1809,0.11540999999999997,2.53915,0,0,0,1,0,0,0,0,0,0,1,0,0,0,0
Kenya,112,4.55299997329712,0.560479462146759,1.06795072555542,0.30998834967613204,0.452763766050339,0.0646413192152977,0.444860309362411,1.6523160412907614,0,0,0,0,0,0,0,0,1,0,0,0,1,0,0
Sierra Leone,113,4.5710000000000015,0.256,0.813,0.0,0.355,0.053,0.238,2.8560000000000008,0,0,0,0,0,0,0,0,1,0,0,0,0,1,0
Slovenia,63,5.768,1.29947,1.05613,0.79151,0.53164,0.03635,0.25738,1.7955199999999998,0,1,0,0,0,0,0,0,0,0,0,1,0,0,0
Kuwait,39,6.295,1.5542200000000002,1.16594,0.72492,0.55499,0.25609,0.16228,1.87656,0,0,0,0,1,0,0,0,0,0,1,0,0,0,0
Sweden,10,7.291,1.45181,1.08764,0.83121,0.58218,0.40867,0.38254,2.5469500000000007,0,0,0,0,0,0,0,0,0,1,0,1,0,0,0
Liberia,148,3.532999992370609,0.119041793048382,0.8721179366111759,0.229918196797371,0.33288118243217496,0.0389482490718365,0.26654988527298,1.6735427491366892,0,0,0,0,0,0,0,0,1,0,0,0,1,0,0
Algeria,68,5.605,0.93929,1.07772,0.61766,0.28579,0.17382999999999998,0.07822,2.4324900000000005,0,0,0,0,1,0,0,0,0,0,1,0,0,0,0
Iran,105,4.813,1.11758,0.38857,0.64232,0.22544,0.0557,0.38538,1.9980100000000005,0,0,0,0,1,0,0,0,0,0,0,1,0,0,0
Bolivia,59,5.822,0.79422,0.8377899999999999,0.4697,0.50961,0.07746,0.21698,2.9162400000000006,0,0,0,1,0,0,0,0,0,0,0,1,0,0,0
Belgium,18,6.9289999999999985,1.42539,1.05249,0.8195899999999999,0.51354,0.26248,0.2424,2.61311,0,0,0,0,0,0,0,0,0,1,0,1,0,0,0
Ivory Coast,139,3.916,0.55507,0.57576,0.04476,0.40663,0.1553,0.20338,1.9751000000000003,0,0,0,0,0,0,0,0,1,0,0,1,0,0,0
Brazil,17,6.952000000000001,1.08754,1.03938,0.61415,0.40425,0.14165999999999998,0.15775999999999998,3.5072600000000014,0,0,0,1,0,0,0,0,0,0,0,1,0,0,0
Romania,86,5.124,1.04345,0.8858799999999999,0.7689,0.35068,0.006490000000000001,0.13748,1.9311200000000002,0,1,0,0,0,0,0,0,0,0,1,0,0,0,0
Guatemala,27,6.436,0.8,1.269,0.746,0.535,0.078,0.175,2.833,0,0,0,1,0,0,0,0,0,0,0,0,0,0,1
Kyrgyzstan,86,5.261,0.551,1.4380000000000002,0.723,0.508,0.023,0.3,1.7180000000000002,0,1,0,0,0,0,0,0,0,0,0,0,0,0,1
Russia,68,5.648,1.183,1.452,0.726,0.334,0.031,0.08199999999999999,1.84,0,1,0,0,0,0,0,0,0,0,0,0,0,0,1
Moldova,52,5.8889999999999985,0.59448,1.01528,0.61826,0.32818,0.01615,0.20951,3.10714,0,1,0,0,0,0,0,0,0,0,1,0,0,0,0
Netherlands,6,7.3769998550415,1.50394463539124,1.42893922328949,0.8106961250305179,0.5853844881057739,0.282661825418472,0.470489829778671,2.2948837280273353,0,0,0,0,0,0,0,0,0,1,0,0,1,0,0
Singapore,34,6.343,1.529,1.4509999999999998,1.008,0.631,0.457,0.261,1.0060000000000002,0,0,0,0,0,0,1,0,0,0,0,0,0,1,0
Zambia,116,4.513999938964839,0.6364067792892459,1.00318729877472,0.25783589482307395,0.461603492498398,0.0782135501503944,0.249580144882202,1.8271727785468053,0,0,0,0,0,0,0,0,1,0,0,0,1,0,0
Lesotho,144,3.802,0.489,1.169,0.168,0.359,0.093,0.107,1.4170000000000005,0,0,0,0,0,0,0,0,1,0,0,0,0,0,1
Mexico,25,6.57800006866455,1.15318381786346,1.210862159729,0.709978997707367,0.412730008363724,0.132774114608765,0.120990432798862,2.837480537593372,0,0,0,1,0,0,0,0,0,0,0,0,1,0,0
Panama,25,6.7860000000000005,1.06353,1.1985,0.79661,0.5421,0.0927,0.24434,2.8482200000000004,0,0,0,1,0,0,0,0,0,0,1,0,0,0,0
Ethiopia,127,4.35,0.308,0.95,0.391,0.452,0.146,0.22,1.883,0,0,0,0,0,0,0,0,1,0,0,0,0,1,0
Germany,17,6.985,1.3730000000000002,1.454,0.987,0.495,0.265,0.261,2.1500000000000004,0,0,0,0,0,0,0,0,0,1,0,0,0,0,1
Montenegro,88,5.1610000000000005,1.07838,0.74173,0.6353300000000001,0.15111,0.12721,0.17190999999999998,2.2553300000000007,0,1,0,0,0,0,0,0,0,0,0,1,0,0,0
Germany,16,6.994,1.44787,1.09774,0.81487,0.53466,0.28551,0.30452,2.50883,0,0,0,0,0,0,0,0,0,1,0,1,0,0,0
El Salvador,40,6.167000000000002,0.8059999999999999,1.231,0.639,0.461,0.08199999999999999,0.065,2.8830000000000013,0,0,0,1,0,0,0,0,0,0,0,0,0,1,0
Libya,68,5.525000095367429,1.10180306434631,1.35756433010101,0.520169019699097,0.465733230113983,0.0926102101802826,0.15207366645336198,1.835046574473384,0,0,0,0,1,0,0,0,0,0,0,0,1,0,0
Burundi,157,2.905,0.06831,0.23442,0.15747,0.0432,0.09419,0.2029,2.10451,0,0,0,0,0,0,0,0,1,0,0,1,0,0,0
Sri Lanka,116,4.471,0.918,1.314,0.672,0.585,0.05,0.307,0.625,0,0,0,0,0,0,0,1,0,0,0,0,0,1,0
Senegal,142,3.904,0.36498,0.97619,0.4354,0.36772,0.10713,0.20843000000000006,1.44415,0,0,0,0,0,0,0,0,1,0,1,0,0,0,0
United Kingdom,15,7.0539999999999985,1.3330000000000002,1.538,0.996,0.45,0.278,0.348,2.1109999999999993,0,0,0,0,0,0,0,0,0,1,0,0,0,0,1
Cameroon,114,4.513,0.5249699999999999,0.62542,0.12697999999999998,0.42736,0.06126,0.2268,2.52021,0,0,0,0,0,0,0,0,1,0,0,1,0,0,0
Poland,60,5.791,1.12555,1.27948,0.77903,0.53122,0.04212,0.16759000000000002,1.86601,0,1,0,0,0,0,0,0,0,0,1,0,0,0,0
Ecuador,48,5.973,0.889,1.33,0.736,0.556,0.12,0.114,2.228,0,0,0,1,0,0,0,0,0,0,0,0,0,1,0
Kyrgyzstan,92,5.131,0.53,1.416,0.594,0.54,0.035,0.281,1.735,0,1,0,0,0,0,0,0,0,0,0,0,0,1,0
Bhutan,97,5.01100015640259,0.885416388511658,1.3401265144348102,0.495879292488098,0.5015376806259161,0.17338038980960802,0.474054545164108,1.1406053453683915,0,0,0,0,0,0,0,1,0,0,0,0,1,0,0
Peru,63,5.71500015258789,1.03522527217865,1.21877038478851,0.6301661133766171,0.4500028789043429,0.0470490865409374,0.126819714903831,2.2069667018950008,0,0,0,1,0,0,0,0,0,0,0,0,1,0,0
Netherlands,5,7.487999999999999,1.396,1.5219999999999998,0.999,0.557,0.298,0.322,2.3939999999999992,0,0,0,0,0,0,0,0,0,1,0,0,0,0,1
Luxembourg,14,7.09,1.609,1.479,1.012,0.526,0.316,0.194,1.9540000000000008,0,0,0,0,0,0,0,0,0,1,0,0,0,0,1
Germany,16,6.9510002136230495,1.48792338371277,1.47252035140991,0.798950731754303,0.562511384487152,0.276731938123703,0.33626917004585305,2.016093254089359,0,0,0,0,0,0,0,0,0,1,0,0,1,0,0
Jamaica,73,5.51,0.89333,0.96372,0.5946899999999999,0.43597,0.04294,0.22245,2.3569,0,0,0,1,0,0,0,0,0,0,0,1,0,0,0
Morocco,89,5.207999999999998,0.8009999999999999,0.782,0.782,0.418,0.076,0.036000000000000004,2.3129999999999993,0,0,0,0,1,0,0,0,0,0,0,0,0,0,1
Congo (Kinshasa),120,4.517,0.0,1.0012,0.09806,0.22605,0.07625,0.24834,2.8670999999999998,0,0,0,0,0,0,0,0,1,0,1,0,0,0,0
Tanzania,153,3.2310000000000003,0.476,0.885,0.499,0.417,0.147,0.276,0.5310000000000001,0,0,0,0,0,0,0,0,1,0,0,0,0,0,1
United Kingdom,11,7.19,1.244,1.433,0.888,0.464,0.08199999999999999,0.262,2.817000000000001,0,0,0,0,0,0,0,0,0,1,0,0,0,1,0
Nicaragua,57,5.8279999999999985,0.59325,1.14184,0.7431399999999999,0.55475,0.19317,0.27815,2.3237,0,0,0,1,0,0,0,0,0,0,1,0,0,0,0
Bahrain,37,6.199,1.362,1.368,0.871,0.536,0.11,0.255,1.6969999999999992,0,0,0,0,1,0,0,0,0,0,0,0,0,0,1
Venezuela,23,6.81,1.04424,1.25596,0.7205199999999999,0.42908,0.11069,0.05841,3.1911,0,0,0,1,0,0,0,0,0,0,1,0,0,0,0
Pakistan,92,5.1320000000000014,0.68816,0.26135,0.40306,0.14622000000000002,0.1388,0.31185,3.1825600000000005,0,0,0,0,0,0,0,1,0,0,0,1,0,0,0
Angola,142,3.795,0.73,1.125,0.269,0.0,0.061,0.079,1.5309999999999997,0,0,0,0,0,0,0,0,1,0,0,0,0,1,0
Mauritius,64,5.62900018692017,1.18939554691315,1.20956099033356,0.6380074620246889,0.491247326135635,0.0421815551817417,0.360933750867844,1.6976735554635498,0,0,0,0,0,0,0,0,1,0,0,0,1,0,0
Palestinian Territories,104,4.743,0.642,1.217,0.602,0.266,0.076,0.086,1.8540000000000003,0,0,0,0,1,0,0,0,0,0,0,0,0,1,0
United Arab Emirates,28,6.573,1.57352,0.8711399999999999,0.72993,0.56215,0.35561,0.26591,2.21474,0,0,0,0,1,0,0,0,0,0,0,1,0,0,0
Kosovo,46,6.1,0.882,1.232,0.758,0.489,0.006,0.262,2.471,0,1,0,0,0,0,0,0,0,0,0,0,0,0,1
Madagascar,148,3.695,0.27954,0.46115,0.37109,0.13684000000000002,0.07506,0.2204,2.15092,0,0,0,0,0,0,0,0,1,0,0,1,0,0,0
Sierra Leone,111,4.635,0.36485,0.628,0.0,0.30685,0.08196,0.23897,3.0143699999999995,0,0,0,0,0,0,0,0,1,0,0,1,0,0,0
Russia,59,5.81,1.151,1.479,0.599,0.399,0.025,0.065,2.092,0,1,0,0,0,0,0,0,0,0,0,0,0,1,0
Nigeria,91,5.155,0.6890000000000001,1.172,0.048,0.462,0.032,0.201,2.551,0,0,0,0,0,0,0,0,1,0,0,0,0,1,0
Kyrgyzstan,85,5.185,0.5604399999999999,0.95434,0.5544899999999999,0.40212,0.04762,0.38432,2.28167,0,1,0,0,0,0,0,0,0,0,0,1,0,0,0
Lesotho,97,4.898,0.37545,1.04103,0.07612000000000001,0.31767,0.12504,0.16388,2.79881,0,0,0,0,0,0,0,0,1,0,1,0,0,0,0
Congo (Brazzaville),127,4.2360000000000015,0.7710899999999999,0.47799,0.28212,0.37938,0.09753,0.12077,2.107120000000001,0,0,0,0,0,0,0,0,1,0,0,1,0,0,0
France,24,6.5920000000000005,1.324,1.472,1.045,0.436,0.183,0.111,2.021000000000001,0,0,0,0,0,0,0,0,0,1,0,0,0,0,1
South Sudan,156,2.853,0.306,0.575,0.295,0.01,0.091,0.202,1.3740000000000003,0,0,0,0,0,0,0,0,1,0,0,0,0,0,1
Oman,22,6.853,1.36011,1.08182,0.76276,0.63274,0.32524000000000003,0.21542,2.4749099999999995,0,0,0,0,1,0,0,0,0,0,1,0,0,0,0
Hungary,62,5.757999999999999,1.2009999999999998,1.41,0.828,0.199,0.02,0.081,2.019,0,1,0,0,0,0,0,0,0,0,0,0,0,0,1
United Kingdom,19,6.71400022506714,1.44163393974304,1.4964600801467902,0.805335938930511,0.508190035820007,0.265428066253662,0.492774158716202,1.7041780054569269,0,0,0,0,0,0,0,0,0,1,0,0,1,0,0
United Arab Emirates,20,6.774,2.096,0.7759999999999999,0.67,0.284,0.11200000000000003,0.18600000000000005,2.6500000000000004,0,0,0,0,1,0,0,0,0,0,0,0,0,1,0
United Kingdom,21,6.867000000000001,1.26637,1.28548,0.90943,0.59625,0.32067,0.51912,1.9696800000000008,0,0,0,0,0,0,0,0,0,1,1,0,0,0,0
Myanmar,130,4.308,0.682,1.1740000000000002,0.429,0.58,0.17800000000000002,0.598,0.6669999999999998,0,0,0,0,0,0,1,0,0,0,0,0,0,1,0
Trinidad and Tobago,38,6.1680002212524405,1.36135590076447,1.3802285194397,0.5199832916259771,0.518630743026733,0.00896481610834599,0.32529646158218395,2.053540488705031,0,0,0,1,0,0,0,0,0,0,0,0,1,0,0
"Hong Kong S.A.R., China",71,5.47200012207031,1.55167484283447,1.26279091835022,0.943062424659729,0.490968644618988,0.293933749198914,0.374465793371201,0.5551037490367879,0,0,1,0,0,0,0,0,0,0,0,0,1,0,0
Bosnia and Herzegovina,78,5.386,0.945,1.212,0.845,0.212,0.006,0.263,1.9030000000000005,0,1,0,0,0,0,0,0,0,0,0,0,0,0,1
Croatia,77,5.2930002212524405,1.22255623340607,0.96798300743103,0.701288521289825,0.255772292613983,0.0431031100451946,0.248002976179123,1.8542940802872152,0,1,0,0,0,0,0,0,0,0,0,0,1,0,0
Romania,71,5.528,1.1697,0.7280300000000001,0.67602,0.36712,0.006790000000000001,0.12889,2.4514499999999995,0,1,0,0,0,0,0,0,0,0,0,1,0,0,0
Colombia,36,6.35699987411499,1.07062232494354,1.4021829366683998,0.595027923583984,0.477487415075302,0.0466687418520451,0.14901447296142598,2.615996059030293,0,0,0,1,0,0,0,0,0,0,0,0,1,0,0
South Africa,113,4.642,0.92049,1.18468,0.27688,0.33207,0.08884,0.11973,1.71931,0,0,0,0,0,0,0,0,1,0,1,0,0,0,0
Luxembourg,17,6.9460000000000015,1.56391,1.21963,0.91894,0.61583,0.37798,0.28034000000000003,1.9693700000000005,0,0,0,0,0,0,0,0,0,1,1,0,0,0,0
Honduras,105,4.788,0.59532,0.95348,0.6951,0.40148,0.06825,0.23027,1.8441000000000003,0,0,0,1,0,0,0,0,0,0,1,0,0,0,0
Costa Rica,12,7.226,0.95578,1.23788,0.8602700000000001,0.63376,0.10583,0.25497,3.17751,0,0,0,1,0,0,0,0,0,0,1,0,0,0,0
Somalia,98,4.982,0.0,0.7120000000000001,0.115,0.674,0.282,0.238,2.9610000000000003,0,0,0,0,0,0,0,0,1,0,0,0,0,1,0
Serbia,86,5.1770000000000005,1.03437,0.81329,0.6458,0.15718,0.04339,0.20737,2.2756000000000007,0,1,0,0,0,0,0,0,0,0,0,1,0,0,0
Mauritius,57,5.888,1.12,1.402,0.7979999999999999,0.498,0.06,0.215,1.794999999999999,0,0,0,0,0,0,0,0,1,0,0,0,0,0,1
Kenya,125,4.419,0.36471,0.99876,0.41435,0.42215,0.05839,0.37542,1.7852199999999994,0,0,0,0,0,0,0,0,1,0,1,0,0,0,0
Haiti,136,4.0280000000000005,0.34097,0.29561,0.27494,0.12072,0.14476,0.47958,2.3714200000000005,0,0,0,1,0,0,0,0,0,0,0,1,0,0,0
Thailand,33,6.474,1.0893,1.04477,0.64915,0.49553,0.02833,0.58696,2.5799600000000003,0,0,0,0,0,0,1,0,0,0,0,1,0,0,0
Panama,31,6.3210000000000015,1.149,1.442,0.91,0.516,0.054000000000000006,0.109,2.141,0,0,0,1,0,0,0,0,0,0,0,0,0,0,1
Rwanda,151,3.47099995613098,0.368745893239975,0.945707023143768,0.326424807310104,0.5818438529968261,0.455220013856888,0.2527560293674469,0.5403023362159725,0,0,0,0,0,0,0,0,1,0,0,0,1,0,0
Slovenia,44,6.1179999999999986,1.258,1.523,0.953,0.564,0.057,0.14400000000000002,1.6189999999999989,0,1,0,0,0,0,0,0,0,0,0,0,0,0,1
Bangladesh,110,4.643,0.54177,0.24749,0.52989,0.39778,0.12583,0.19132,2.6089199999999995,0,0,0,0,0,0,0,1,0,0,0,1,0,0,0
Myanmar,119,4.395,0.34112,0.69981,0.3988,0.42692,0.20243,0.81971,1.5062099999999994,0,0,0,0,0,0,1,0,0,0,0,1,0,0,0
Jamaica,65,5.709,0.81038,1.1510200000000002,0.6874100000000001,0.50442,0.02299,0.2123,2.3204799999999994,0,0,0,1,0,0,0,0,0,0,1,0,0,0,0
Gabon,118,4.46500015258789,1.1982102394104,1.1556202173233,0.35657858848571794,0.31232857704162603,0.0760467872023582,0.0437853783369064,1.3224303647875812,0,0,0,0,0,0,0,0,1,0,0,0,1,0,0
Burkina Faso,145,3.739,0.31995,0.63054,0.21297,0.3337,0.12533,0.24353,1.87298,0,0,0,0,0,0,0,0,1,0,0,1,0,0,0
Bolivia,62,5.752000000000002,0.7509999999999999,1.223,0.508,0.606,0.054000000000000006,0.141,2.4690000000000007,0,0,0,1,0,0,0,0,0,0,0,0,0,1,0
Senegal,111,4.681,0.45,1.134,0.5710000000000001,0.292,0.07200000000000001,0.153,2.009,0,0,0,0,0,0,0,0,1,0,0,0,0,0,1
Lithuania,56,5.832999999999998,1.14723,1.25745,0.73128,0.21342,0.01031,0.026410000000000003,2.4468999999999994,0,1,0,0,0,0,0,0,0,0,1,0,0,0,0
Latvia,54,5.849999904632571,1.26074862480164,1.40471494197845,0.638566970825195,0.325707912445068,0.0738427266478539,0.153074786067009,1.9933439418673555,0,1,0,0,0,0,0,0,0,0,0,0,1,0,0
Senegal,128,4.2189999999999985,0.44314,0.7741600000000001,0.40457,0.31056,0.11681,0.19103,1.97873,0,0,0,0,0,0,0,0,1,0,0,1,0,0,0
South Africa,101,4.8289999961853,1.05469870567322,1.38478863239288,0.18708007037639604,0.479246735572815,0.0725094974040985,0.13936237990856198,1.5113139748573283,0,0,0,0,0,0,0,0,1,0,0,0,1,0,0
Lithuania,52,5.90199995040894,1.3145823478698702,1.47351610660553,0.62894994020462,0.234231784939766,0.0118656428530812,0.010164656676352,2.2286894712597207,0,1,0,0,0,0,0,0,0,0,0,0,1,0,0
Slovenia,62,5.75799989700317,1.3412059545517,1.4525188207626298,0.7908282279968258,0.572575807571411,0.0451289787888527,0.242649093270302,1.3130930140614492,0,1,0,0,0,0,0,0,0,0,0,0,1,0,0
Indonesia,81,5.26200008392334,0.995538592338562,1.27444469928741,0.4923457205295561,0.443323463201523,0.0153171354904771,0.611704587936401,1.4293258851394106,0,0,0,0,0,0,1,0,0,0,0,0,1,0,0
Bhutan,84,5.1960000000000015,0.8527,0.90836,0.49759,0.46074,0.1616,0.4854600000000001,1.82955,0,0,0,0,0,0,0,1,0,0,0,1,0,0,0
Slovakia,45,6.0779999999999985,1.27973,1.08268,0.70367,0.23391,0.02947,0.13837,2.61017,0,1,0,0,0,0,0,0,0,0,0,1,0,0,0
Myanmar,129,4.307,0.27108000000000004,0.70905,0.4824600000000001,0.44017,0.19034,0.79588,1.4180199999999994,0,0,0,0,0,0,1,0,0,0,1,0,0,0,0
Madagascar,143,3.774,0.262,0.908,0.402,0.221,0.049,0.155,1.7769999999999997,0,0,0,0,0,0,0,0,1,0,0,0,0,1,0
Nigeria,85,5.265,0.696,1.111,0.245,0.426,0.041,0.215,2.531,0,0,0,0,0,0,0,0,1,0,0,0,0,0,1
Brazil,16,6.983,0.98124,1.23287,0.69702,0.49049,0.17521,0.14574,3.26043,0,0,0,1,0,0,0,0,0,0,1,0,0,0,0
Nepal,107,4.793,0.4462600000000001,0.69699,0.50073,0.37012,0.07007999999999999,0.3816,2.32722,0,0,0,0,0,0,0,1,0,0,0,1,0,0,0
Mongolia,101,4.907,0.98853,1.08983,0.55469,0.35972,0.03285,0.34539000000000003,1.5359900000000004,0,0,1,0,0,0,0,0,0,0,0,1,0,0,0
Mali,135,4.073,0.31292,0.8633299999999999,0.16347,0.27544,0.13647,0.21064,2.1107299999999998,0,0,0,0,0,0,0,0,1,0,0,1,0,0,0
Trinidad and Tobago,43,6.167999999999998,1.32572,0.98569,0.52608,0.48453,0.01241,0.31935,2.5142199999999995,0,0,0,1,0,0,0,0,0,0,0,1,0,0,0
Finland,5,7.4129999999999985,1.40598,1.13464,0.81091,0.57104,0.41004,0.25492,2.82547,0,0,0,0,0,0,0,0,0,1,0,1,0,0,0
Honduras,104,4.871,0.69429,0.7559600000000001,0.5838300000000001,0.26755,0.06906,0.2044,2.2959099999999997,0,0,0,1,0,0,0,0,0,0,0,1,0,0,0
Nigeria,95,5.07399988174438,0.783756256103516,1.21577048301697,0.0569157302379608,0.394952565431595,0.0261215660721064,0.230947196483612,2.36553608439862,0,0,0,0,0,0,0,0,1,0,0,0,1,0,0
Ireland,19,6.907,1.48341,1.16157,0.81455,0.54008,0.29754,0.44963,2.1602200000000003,0,0,0,0,0,0,0,0,0,1,0,1,0,0,0
Malawi,147,3.587,0.18600000000000005,0.541,0.306,0.531,0.08,0.21,1.7329999999999997,0,0,0,0,0,0,0,0,1,0,0,0,0,1,0
Bhutan,95,5.082,0.813,1.321,0.604,0.457,0.16699999999999998,0.37,1.35,0,0,0,0,0,0,0,1,0,0,0,0,0,0,1
Argentina,30,6.574,1.05351,1.24823,0.78723,0.44974,0.08484,0.11451,2.8359400000000003,0,0,0,1,0,0,0,0,0,0,1,0,0,0,0
Bangladesh,110,4.60799980163574,0.586682975292206,0.735131740570068,0.533241033554077,0.478356659412384,0.123717859387398,0.17225535213947304,1.9786141812801337,0,0,0,0,0,0,0,1,0,0,0,0,1,0,0
Mauritius,66,5.648,1.14372,0.75695,0.66189,0.46145,0.052029999999999986,0.36951,2.20245,0,0,0,0,0,0,0,0,1,0,0,1,0,0,0
Saudi Arabia,34,6.379,1.48953,0.84829,0.59267,0.37904,0.30008,0.15457,2.61482,0,0,0,0,1,0,0,0,0,0,0,1,0,0,0
Hungary,104,4.8,1.12094,1.20215,0.75905,0.32112,0.02758,0.128,1.2411599999999998,0,1,0,0,0,0,0,0,0,0,1,0,0,0,0
Hungary,69,5.62,1.171,1.401,0.732,0.259,0.022,0.061,1.974,0,1,0,0,0,0,0,0,0,0,0,0,0,1,0
Iceland,2,7.561,1.30232,1.40223,0.94784,0.6287699999999999,0.14145,0.4363,2.7020899999999988,0,0,0,0,0,0,0,0,0,1,1,0,0,0,0
Panama,25,6.7010000000000005,1.18306,0.98912,0.70835,0.48927,0.08423,0.2418,3.005170000000001,0,0,0,1,0,0,0,0,0,0,0,1,0,0,0
Malaysia,80,5.339,1.221,1.171,0.828,0.508,0.024,0.26,1.327,0,0,0,0,0,0,1,0,0,0,0,0,0,0,1
India,118,4.404,0.74036,0.29247,0.45091,0.40285,0.08722,0.25028,2.17991,0,0,0,0,0,0,0,1,0,0,0,1,0,0,0
Italy,47,6.0,1.264,1.501,0.946,0.281,0.028,0.13699999999999998,1.8430000000000009,0,0,0,0,0,0,0,0,0,1,0,0,0,1,0
El Salvador,42,6.13,0.76454,1.02507,0.67737,0.4035,0.11776,0.10692,3.0348399999999986,0,0,0,1,0,0,0,0,0,0,1,0,0,0,0
Malaysia,35,6.322,1.161,1.258,0.669,0.35600000000000004,0.059,0.311,2.508,0,0,0,0,0,0,1,0,0,0,0,0,0,1,0
Albania,112,4.586,0.916,0.8170000000000001,0.79,0.419,0.032,0.149,1.463,0,1,0,0,0,0,0,0,0,0,0,0,0,1,0
Japan,53,5.921,1.38007,1.06054,0.91491,0.46761,0.18985,0.10224,1.8057799999999995,0,0,1,0,0,0,0,0,0,0,0,1,0,0,0
Swaziland,101,4.867,0.71206,1.07284,0.07566,0.30658,0.0306,0.18259,2.48667,0,0,0,0,0,0,0,0,1,0,1,0,0,0,0
Paraguay,63,5.7429999999999986,0.855,1.475,0.777,0.514,0.08,0.184,1.8579999999999988,0,0,0,1,0,0,0,0,0,0,0,0,0,0,1
Afghanistan,141,3.79399991035461,0.401477217674255,0.581543326377869,0.18074677884578694,0.106179520487785,0.0611578300595284,0.311870932579041,2.151024304330345,0,0,0,0,0,0,0,1,0,0,0,0,1,0,0
Netherlands,6,7.441,1.361,1.4880000000000002,0.878,0.638,0.295,0.333,2.4479999999999995,0,0,0,0,0,0,0,0,0,1,0,0,0,1,0
Moldova,67,5.64,0.657,1.301,0.62,0.232,0.0,0.171,2.6590000000000003,0,1,0,0,0,0,0,0,0,0,0,0,0,1,0
Argentina,47,6.086,1.092,1.432,0.8809999999999999,0.471,0.05,0.066,2.0940000000000007,0,0,0,1,0,0,0,0,0,0,0,0,0,0,1
Togo,158,2.839,0.20868,0.13995,0.28443,0.36453,0.10731,0.16681,1.56729,0,0,0,0,0,0,0,0,1,0,1,0,0,0,0
Serbia,87,5.122999999999998,0.92053,1.00964,0.74836,0.20107,0.02617,0.19231,2.0249199999999994,0,1,0,0,0,0,0,0,0,0,1,0,0,0,0
Mozambique,113,4.5500001907348615,0.234305649995804,0.870701014995575,0.106654435396194,0.480791091918945,0.17943638563156106,0.322228103876114,2.355883508920668,0,0,0,0,0,0,0,0,1,0,0,0,1,0,0
Algeria,53,5.8720002174377415,1.09186446666718,1.1462174654007,0.6175846457481379,0.233335807919502,0.14609611034393302,0.0694366469979286,2.567465074360359,0,0,0,0,1,0,0,0,0,0,0,0,1,0,0
Vietnam,75,5.36,0.63216,0.91226,0.7467600000000001,0.59444,0.10441,0.1686,2.2013700000000003,0,0,0,0,0,0,1,0,0,0,1,0,0,0,0
Guinea,150,3.656,0.17417,0.46475,0.24009,0.37725,0.12139,0.28657,1.9917799999999999,0,0,0,0,0,0,0,0,1,0,1,0,0,0,0
Mali,127,4.19000005722046,0.476180493831635,1.2814733982086202,0.16936567425727805,0.306613743305206,0.10497024655342098,0.183354198932648,1.6680423021316515,0,0,0,0,0,0,0,0,1,0,0,0,1,0,0
Uzbekistan,44,6.002999999999999,0.63244,1.34043,0.59772,0.6582100000000001,0.30826,0.22837,2.237569999999999,0,1,0,0,0,0,0,0,0,0,1,0,0,0,0
Benin,155,3.34,0.28665,0.35386,0.3191,0.4845,0.0801,0.1826,1.6331899999999997,0,0,0,0,0,0,0,0,1,0,1,0,0,0,0
Honduras,59,5.86,0.642,1.236,0.828,0.507,0.078,0.246,2.3230000000000004,0,0,0,1,0,0,0,0,0,0,0,0,0,0,1
Uganda,145,3.739,0.34719,0.90981,0.19625,0.43653,0.06442,0.27102,1.5137799999999997,0,0,0,0,0,0,0,0,1,0,0,1,0,0,0
Indonesia,79,5.314,0.95104,0.87625,0.49374,0.39237,0.00322,0.56521,2.0321700000000003,0,0,0,0,0,0,1,0,0,0,0,1,0,0,0
Bulgaria,134,4.218,1.01216,1.10614,0.76649,0.30587,0.00872,0.11921,0.8994100000000005,0,1,0,0,0,0,0,0,0,0,1,0,0,0,0
Finland,1,7.769,1.34,1.587,0.986,0.596,0.393,0.153,2.7140000000000004,0,0,0,0,0,0,0,0,0,1,0,0,0,0,1
Kuwait,39,6.10500001907349,1.63295245170593,1.25969874858856,0.6321057081222529,0.496337592601776,0.21515955030918105,0.228289797902107,1.6404561698436826,0,0,0,0,1,0,0,0,0,0,0,0,1,0,0
Uruguay,28,6.4539999961853,1.21755969524384,1.41222786903381,0.719216823577881,0.5793922543525699,0.17806187272071802,0.175096929073334,2.1724445521831472,0,0,0,1,0,0,0,0,0,0,0,0,1,0,0
Malaysia,61,5.77,1.12486,1.07023,0.7239399999999999,0.5302399999999999,0.10501,0.33075,1.88497,0,0,0,0,0,0,1,0,0,0,1,0,0,0,0
Poland,42,6.122999999999998,1.176,1.4480000000000002,0.7809999999999999,0.546,0.064,0.108,1.9999999999999991,0,1,0,0,0,0,0,0,0,0,0,0,0,1,0
South Korea,47,5.984,1.24461,0.95774,0.96538,0.33208000000000004,0.07857,0.18557,2.2200500000000005,0,0,1,0,0,0,0,0,0,0,1,0,0,0,0
Cambodia,120,4.433,0.5489999999999999,1.088,0.457,0.696,0.065,0.256,1.3219999999999998,0,0,0,0,0,0,1,0,0,0,0,0,0,1,0
Pakistan,75,5.472,0.652,0.81,0.424,0.334,0.113,0.21600000000000005,2.923,0,0,0,0,0,0,0,1,0,0,0,0,0,1,0
Venezuela,102,4.806,0.996,1.469,0.657,0.133,0.052000000000000005,0.056,1.443,0,0,0,1,0,0,0,0,0,0,0,0,0,1,0
Taiwan,25,6.4460000000000015,1.368,1.43,0.914,0.35100000000000003,0.097,0.242,2.044,0,0,1,0,0,0,0,0,0,0,0,0,0,0,1
South Sudan,147,3.5910000801086404,0.39724862575531,0.601323127746582,0.163486003875732,0.147062435746193,0.116793513298035,0.285670816898346,1.8794155567884423,0,0,0,0,0,0,0,0,1,0,0,0,1,0,0
Namibia,113,4.6389999999999985,0.879,1.3130000000000002,0.477,0.401,0.056,0.07,1.4429999999999992,0,0,0,0,0,0,0,0,1,0,0,0,0,0,1
United Kingdom,23,6.725,1.40283,1.08672,0.80991,0.50036,0.27399,0.50156,2.1496299999999984,0,0,0,0,0,0,0,0,0,1,0,1,0,0,0
Iraq,117,4.49700021743774,1.1027104854583702,0.978613197803497,0.501180469989777,0.288555532693863,0.107215754687786,0.19963726401329,1.3190875127911563,0,0,0,0,1,0,0,0,0,0,0,0,1,0,0
Moldova,71,5.529,0.685,1.328,0.7390000000000001,0.245,0.0,0.181,2.351,0,1,0,0,0,0,0,0,0,0,0,0,0,0,1
Macedonia,93,5.007,0.91851,1.00232,0.73545,0.33457,0.053270000000000005,0.22359,1.7392899999999996,0,1,0,0,0,0,0,0,0,0,1,0,0,0,0
Kosovo,78,5.27899980545044,0.951484382152557,1.13785350322723,0.541452050209045,0.260287940502167,0.0574716180562973,0.319931447505951,2.0105188637971927,0,1,0,0,0,0,0,0,0,0,0,0,1,0,0
El Salvador,46,6.068,0.8737,0.80975,0.596,0.37269,0.10613,0.08877,3.22096,0,0,0,1,0,0,0,0,0,0,0,1,0,0,0
Italy,50,5.948,1.25114,1.19777,0.95446,0.26236,0.02901,0.22823,2.02503,0,0,0,0,0,0,0,0,0,1,1,0,0,0,0
South Korea,57,5.875,1.266,1.204,0.955,0.244,0.051,0.175,1.9800000000000004,0,0,1,0,0,0,0,0,0,0,0,0,0,1,0
Trinidad & Tobago,39,6.192,1.231,1.477,0.713,0.489,0.016,0.185,2.0810000000000004,0,0,0,1,0,0,0,0,0,0,0,0,0,0,1
Bolivia,51,5.89,0.68133,0.97841,0.5392,0.57414,0.08800000000000001,0.20536,2.82356,0,0,0,1,0,0,0,0,0,0,1,0,0,0,0
United States,13,7.104,1.50796,1.04782,0.779,0.48163,0.14868,0.41077,2.7281400000000002,0,0,0,0,0,1,0,0,0,0,0,1,0,0,0
Armenia,116,4.559,0.85,1.055,0.815,0.28300000000000003,0.064,0.095,1.3970000000000002,0,1,0,0,0,0,0,0,0,0,0,0,0,0,1
Malawi,132,4.1560000000000015,0.08709,0.147,0.29364,0.4143,0.07564,0.30968,2.828650000000001,0,0,0,0,0,0,0,0,1,0,0,1,0,0,0
Germany,26,6.75,1.32792,1.29937,0.89186,0.6147699999999999,0.21843,0.28214,2.1155100000000004,0,0,0,0,0,0,0,0,0,1,1,0,0,0,0
